Timestamp,–ì—Ä—É–ø–∞,–†–æ–±–æ—Ç–∞ —ñ–∑ Python,–†–æ–±–æ—Ç–∞ —ñ–∑ —Ç–∞–±–ª–∏—á–Ω–∏–º–∏ –¥–∞–Ω–∏–º–∏,–ü–ª–∞—Ç—Ñ–æ—Ä–º–∞ Google Colab/Kaggle ,"–õ—ñ–Ω—ñ–π–Ω–∞ —Ä–µ–≥—Ä–µ—Å—ñ—è (least-squares, Ridge/Lasso)","kNN (nearest neighbors, –º–µ—Ç–æ–¥ –Ω–∞–π–±–ª–∏–∂—á–∏—Ö —Å—É—Å—ñ–¥—ñ–≤)",Decision Trees - –¥–µ—Ä–µ–≤–∞ —Ä—ñ—à–µ–Ω—å,SVM - –º–µ—Ç–æ–¥ –æ–ø–æ—Ä–Ω–∏—Ö –≤–µ–∫—Ç–æ—Ä—ñ–≤,"–ê–Ω—Å–∞–º–±–ª–µ–≤—ñ –∞–ª–≥–æ—Ä–∏—Ç–º–∏ (random forest, xgboost, lightgbm)",–ù–µ–π—Ä–æ–Ω–Ω—ñ –º–µ—Ä–µ–∂—ñ (deep learning),–û—Ü—ñ–Ω—é–≤–∞–Ω–Ω—è —è–∫–æ—Å—Ç—ñ –∞–ª–≥–æ—Ä–∏—Ç–º—ñ–≤,Computer vision - –∫–æ–º–ø'—é—Ç–µ—Ä–Ω–∏–π –∑—ñ—Ä,"NLP - language processing, –æ–±—Ä–æ–±–∫–∏ –º–æ–≤–∏ —ñ —Ç–µ–∫—Å—Ç—ñ–≤","–û—á—ñ–∫—É–≤–∞–Ω–Ω—è –≤—ñ–¥ –∫—É—Ä—Å—É (—â–æ —Ö–æ—Ç—ñ–ª–∏ –±–∏ –≤–∏–≤—á–∏—Ç–∏, –Ω–∞ —è–∫–∏—Ö —Ç–µ–º–∞—Ö –ø–æ—Å—Ç–∞–≤–∏—Ç–∏ –∞–∫—Ü–µ–Ω—Ç)",–ß–∏ —Ö–æ—Ç—ñ–ª–∏ –±–∏ –≤–∏ –±—Ä–∞—Ç–∏ —É—á–∞—Å—Ç—å —É –ø—Ä–æ–µ–∫—Ç–∞—Ö –ø–æ –º–∞—à–∏–Ω–Ω–æ–º—É –Ω–∞–≤—á–∞–Ω–Ω—é –≤ —Å—É–ø—É—Ç–Ω–∏–∫–æ–≤–∏—Ö –¥–∞–Ω–∏—Ö?
2023-09-04 09:10:03.249,"–§–Ü-01, –§–Ü-02","–í–º—ñ—é –Ω–∞–ª–∞—à—Ç–æ–≤—É–≤–∞—Ç–∏ –æ—Ç–æ—á–µ–Ω–Ω—è, –∫–æ—Ä–∏—Å—Ç—É–≤–∞–≤—Å—è jupyter notebook","–í–º—ñ—é –ø–∏—Å–∞—Ç–∏ –∑—Ä—ñ–∑–∏ –ø–æ —Ç–∞–±–ª–∏—Ü—è–º, —ñ—Ç–µ—Ä—É–≤–∞—Ç–∏—Å—è –ø–æ –Ω–∏–º, –±—É–¥—É–≤–∞—Ç–∏ —Å—Ç–∞—Ç–∏—Å—Ç–∏–∫—É, –≥—Ä–∞—Ñ—ñ–∫–∏ —Ç–æ—â–æ","–ö–æ—Ä–∏—Å—Ç—É—é—Å—å –ø–ª–∞—Ç—Ñ–æ—Ä–º–æ—é, –ø–∏—à—É –∫–æ–¥ —Ä–µ–≥—É–ª—è—Ä–Ω–æ, –≤–º—ñ—é —à—É–∫–∞—Ç–∏ –¥–∞—Ç–∞—Å–µ—Ç–∏, –±–µ—Ä—É —É—á–∞—Å—Ç—å –≤ –∑–º–∞–≥–∞–Ω–Ω—è—Ö (Kaggle)",–ó–Ω–∞—é –ø–æ—Å—Ç–∞–Ω–æ–≤–∫—É –∑–∞–¥–∞—á—ñ —Ç–∞ –∫–æ—Ä–∏—Å—Ç—É—é—Å—å –∫–ª–∞—Å–∞–º–∏ —ñ–∑ sklearn,–û—Ä—ñ—î–Ω—Ç—É—é—Å—å –≤ –ø–∞—Ä–∞–º–µ—Ç—Ä–∞—Ö –∞–ª–≥–æ—Ä–∏—Ç–º—É —Ç–∞ –º–æ–∂—É —ó—Ö —Ä–µ–≥—É–ª—é–≤–∞—Ç–∏ –≤—ñ–¥–ø–æ–≤—ñ–¥–Ω–æ –¥–æ –∑–∞–¥–∞—á—ñ,–û—Ä—ñ—î–Ω—Ç—É—é—Å—å –≤ –ø–∞—Ä–∞–º–µ—Ç—Ä–∞—Ö –∞–ª–≥–æ—Ä–∏—Ç–º—É —Ç–∞ –º–æ–∂—É —ó—Ö —Ä–µ–≥—É–ª—é–≤–∞—Ç–∏ –≤—ñ–¥–ø–æ–≤—ñ–¥–Ω–æ –¥–æ –∑–∞–¥–∞—á—ñ,–û—Ä—ñ—î–Ω—Ç—É—é—Å—å –≤ –ø–∞—Ä–∞–º–µ—Ç—Ä–∞—Ö –∞–ª–≥–æ—Ä–∏—Ç–º—É —Ç–∞ –º–æ–∂—É —ó—Ö —Ä–µ–≥—É–ª—é–≤–∞—Ç–∏ –≤—ñ–¥–ø–æ–≤—ñ–¥–Ω–æ –¥–æ –∑–∞–¥–∞—á—ñ,–û—Ä—ñ—î–Ω—Ç—É—é—Å—å –≤ –ø–∞—Ä–∞–º–µ—Ç—Ä–∞—Ö –∞–ª–≥–æ—Ä–∏—Ç–º—É —Ç–∞ –º–æ–∂—É —ó—Ö —Ä–µ–≥—É–ª—é–≤–∞—Ç–∏ –≤—ñ–¥–ø–æ–≤—ñ–¥–Ω–æ –¥–æ –∑–∞–¥–∞—á—ñ,"–ú–æ–∂—É —Å–∞–º–æ—Å—Ç—ñ–π–Ω–æ —Ä–µ–∞–ª—ñ–∑–æ–≤—É–≤–∞—Ç–∏ —Å–≤–æ—ó –º–µ—Ä–µ–∂—ñ, –∞–±–æ –¥–æ–Ω–∞–≤—á–∞—Ç–∏ —ñ—Å–Ω—É—é—á—ñ –∞—Ä—Ö—ñ—Ç–µ–∫—Ç—É—Ä–∏ –≤ Pytorch/Tensorflow","–†–æ–∑—É–º—ñ—é –±—ñ–ª—å—à —Å–∫–ª–∞–¥–Ω—ñ –º–µ—Ç—Ä–∏–∫–∏ Precision/Recall, ROC-AUC, –º–æ–∂—É —Ä–µ–≥—É–ª—é–≤–∞—Ç–∏ –ø–æ–≤–µ–¥—ñ–Ω–∫—É –∞–ª–≥–æ—Ä–∏—Ç–º—É –ø—ñ–¥ —Ä—ñ–∑–Ω—ñ —Ç–∏–ø–∏ –ø–æ–º–∏–ª–æ–∫","–ó–Ω–∞–π–æ–º–∏–π —ñ–∑ OpenCV (–º–æ–∂—É –∑–∞–≤–∞–Ω—Ç–∞–∂–∏—Ç–∏ –∑–æ–±—Ä–∞–∂–µ–Ω–Ω—è, –≤—ñ–¥–æ–±—Ä–∞–∑–∏—Ç–∏ –π–æ–≥–æ, –∫–æ–Ω–≤–µ—Ä—Ç—É–≤–∞–Ω–Ω—è –∫–æ–ª—å–æ—Ä—ñ–≤ —Ç–æ—â–æ)","–°—Ç–∏–∫–∞—é—Å—å –≤–ø–µ—Ä—à–µ, –Ω–µ –ø—Ä–∞—Ü—é–≤–∞–≤ —ñ–∑ —Ç–µ–∫—Å—Ç–∞–º–∏","–•–æ—Ç—ñ–≤ –±–∏ –ø–æ–≥–ª–∏–±–∏—Ç–∏—Å—å –≤ Computer Vision, –ø—Ä–∞—Ü—é–≤–∞—Ç–∏ –∑ OpenCV —á–µ—Ä–µ–∑ —ó—ó —Å–∫–ª–∞–¥–Ω—ñ—Å—Ç—å —Ç–∞ —Ä–æ–∑–≥–ª—è–Ω—É—Ç–∏ –∑–∞–¥–∞—á—ñ –∫–ª–∞—Å–∏—á–Ω–æ–≥–æ –∫–æ–º–ø. –≤—ñ–∂–Ω—É –±–µ–∑ –Ω–µ–π—Ä–æ–Ω–æ–∫, –º–æ–∂–ª–∏–≤–æ –Ω–∞–≤—ñ—Ç—å –Ω–∞ –ø—Ä–∏–∫–ª–∞–¥—ñ",–ø–æ–∫–∏ –Ω–µ –≤–ø–µ–≤–Ω–µ–Ω–∏–π
2023-09-04 09:10:23.467,"–§–ë-01, –§–ë-02, –§–ë-03, –§–ë-04, –§–ë-05","–í–º—ñ—é –Ω–∞–ª–∞—à—Ç–æ–≤—É–≤–∞—Ç–∏ –æ—Ç–æ—á–µ–Ω–Ω—è, –∫–æ—Ä–∏—Å—Ç—É–≤–∞–≤—Å—è jupyter notebook","–í–º—ñ—é –ø–∏—Å–∞—Ç–∏ –∑—Ä—ñ–∑–∏ –ø–æ —Ç–∞–±–ª–∏—Ü—è–º, —ñ—Ç–µ—Ä—É–≤–∞—Ç–∏—Å—è –ø–æ –Ω–∏–º, –±—É–¥—É–≤–∞—Ç–∏ —Å—Ç–∞—Ç–∏—Å—Ç–∏–∫—É, –≥—Ä–∞—Ñ—ñ–∫–∏ —Ç–æ—â–æ","–ö–æ—Ä–∏—Å—Ç—É—é—Å—å –ø–ª–∞—Ç—Ñ–æ—Ä–º–æ—é, –ø–∏—Å–∞–≤ —Ç–∞–º –∫–æ–¥",–ó–Ω–∞—é –ø–æ—Å—Ç–∞–Ω–æ–≤–∫—É –∑–∞–¥–∞—á—ñ —Ç–∞ –∫–æ—Ä–∏—Å—Ç—É—é—Å—å –∫–ª–∞—Å–∞–º–∏ —ñ–∑ sklearn,–ö–æ—Ä–∏—Å—Ç—É—é—Å—å –∫–ª–∞—Å–∞–º–∏ —ñ–∑ sklearn –Ω–∞ –±–∞–∑–æ–≤–∏—Ö –ø–∞—Ä–∞–º–µ—Ç—Ä–∞—Ö,–ö–æ—Ä–∏—Å—Ç—É—é—Å—å –∫–ª–∞—Å–∞–º–∏ —ñ–∑ sklearn –Ω–∞ –±–∞–∑–æ–≤–∏—Ö –ø–∞—Ä–∞–º–µ—Ç—Ä–∞—Ö,–ö–æ—Ä–∏—Å—Ç—É—é—Å—å –∫–ª–∞—Å–∞–º–∏ —ñ–∑ sklearn –Ω–∞ –±–∞–∑–æ–≤–∏—Ö –ø–∞—Ä–∞–º–µ—Ç—Ä–∞—Ö,–ö–æ—Ä–∏—Å—Ç—É—é—Å—å –∫–ª–∞—Å–∞–º–∏ —ñ–∑ sklearn/xgboost/lightgbm –Ω–∞ –±–∞–∑–æ–≤–∏—Ö –ø–∞—Ä–∞–º–µ—Ç—Ä–∞—Ö,–°—Ç–∏–∫–∞—é—Å—å –≤–ø–µ—Ä—à–µ,–°—Ç–∏–∫–∞—é—Å—å –≤–ø–µ—Ä—à–µ,"–°—Ç–∏–∫–∞—é—Å—å –≤–ø–µ—Ä—à–µ, –Ω–µ –ø—Ä–∞—Ü—é–≤–∞–≤ —ñ–∑ –∑–æ–±—Ä–∞–∂–µ–Ω–Ω—è–º–∏","–°—Ç–∏–∫–∞—é—Å—å –≤–ø–µ—Ä—à–µ, –Ω–µ –ø—Ä–∞—Ü—é–≤–∞–≤ —ñ–∑ —Ç–µ–∫—Å—Ç–∞–º–∏","–í—Å–µ, –∑ —á–∏–º —Å—Ç–∏–∫–∞—é—Å—è –≤–ø–µ—Ä—à–µ",—Ç–∞–∫
2023-09-04 09:14:40.324,"–§–Ü-01, –§–Ü-02","–í–º—ñ—é –Ω–∞–ª–∞—à—Ç–æ–≤—É–≤–∞—Ç–∏ –æ—Ç–æ—á–µ–Ω–Ω—è, –∫–æ—Ä–∏—Å—Ç—É–≤–∞–≤—Å—è jupyter notebook","–í–º—ñ—é –∑–∞–≤–∞–Ω—Ç–∞–∂—É–≤–∞—Ç–∏ –¥–∞–Ω—ñ —É pandas, –∫–æ—Ä–∏—Å—Ç—É–≤–∞—Ç–∏—Å—å –Ω–∏–º–∏ —è–∫ –∑–≤–∏—á–∞–π–Ω–∏–º –º–∞—Å–∏–≤–æ–º","–ö–æ—Ä–∏—Å—Ç—É—é—Å—å –ø–ª–∞—Ç—Ñ–æ—Ä–º–æ—é, –ø–∏—Å–∞–≤ —Ç–∞–º –∫–æ–¥","–ú–æ–∂—É —Å–∞–º–æ—Å—Ç—ñ–π–Ω–æ —Ä–µ–∞–ª—ñ–∑—É–≤–∞—Ç–∏ ""from scratch""",–°—Ç–∏–∫–∞—é—Å—å –≤–ø–µ—Ä—à–µ,–°—Ç–∏–∫–∞—é—Å—å –≤–ø–µ—Ä—à–µ,–°—Ç–∏–∫–∞—é—Å—å –≤–ø–µ—Ä—à–µ,–°—Ç–∏–∫–∞—é—Å—å –≤–ø–µ—Ä—à–µ,–°—Ç–∏–∫–∞—é—Å—å –≤–ø–µ—Ä—à–µ,"–ó–Ω–∞–π–æ–º–∏–π —ñ–∑ –¥–µ—è–∫–∏–º–∏ –º–µ—Ç—Ä–∏–∫–∞–º–∏ (–Ω–∞–ø—Ä–∏–∫–ª–∞–¥, Accuracy –¥–ª—è –∫–ª–∞—Å–∏—Ñ—ñ–∫–∞—Ü—ñ—ó —ñ MSE –¥–ª—è –∑–∞–¥–∞—á —Ä–µ–≥—Ä–µ—Å—ñ—ó)","–°—Ç–∏–∫–∞—é—Å—å –≤–ø–µ—Ä—à–µ, –Ω–µ –ø—Ä–∞—Ü—é–≤–∞–≤ —ñ–∑ –∑–æ–±—Ä–∞–∂–µ–Ω–Ω—è–º–∏","–°—Ç–∏–∫–∞—é—Å—å –≤–ø–µ—Ä—à–µ, –Ω–µ –ø—Ä–∞—Ü—é–≤–∞–≤ —ñ–∑ —Ç–µ–∫—Å—Ç–∞–º–∏","–û—Ç—Ä–∏–º–∞—Ç–∏ –±–∞–∑–æ–≤—ñ –∑–Ω–∞–Ω–Ω—è, —è–∫—ñ –ø–æ—Ç—Ä—ñ–±–Ω—ñ –¥–ª—è —Ä–æ–±–æ—Ç–∏ data analyst, –º–æ–∂–ª–∏–≤–æ data science",–ø–æ–∫–∏ –Ω–µ –≤–ø–µ–≤–Ω–µ–Ω–∏–π
2023-09-04 09:14:48.492,"–§–Ü-01, –§–Ü-02","–í–º—ñ—é –Ω–∞–ª–∞—à—Ç–æ–≤—É–≤–∞—Ç–∏ –æ—Ç–æ—á–µ–Ω–Ω—è, –∫–æ—Ä–∏—Å—Ç—É–≤–∞–≤—Å—è jupyter notebook","–í–º—ñ—é –∑–∞–≤–∞–Ω—Ç–∞–∂—É–≤–∞—Ç–∏ –¥–∞–Ω—ñ —É pandas, –∫–æ—Ä–∏—Å—Ç—É–≤–∞—Ç–∏—Å—å –Ω–∏–º–∏ —è–∫ –∑–≤–∏—á–∞–π–Ω–∏–º –º–∞—Å–∏–≤–æ–º","–ö–æ—Ä–∏—Å—Ç—É—é—Å—å –ø–ª–∞—Ç—Ñ–æ—Ä–º–æ—é, –ø–∏—Å–∞–≤ —Ç–∞–º –∫–æ–¥",–°—Ç–∏–∫–∞—é—Å—å –≤–ø–µ—Ä—à–µ,–°—Ç–∏–∫–∞—é—Å—å –≤–ø–µ—Ä—à–µ,–°—Ç–∏–∫–∞—é—Å—å –≤–ø–µ—Ä—à–µ,–°—Ç–∏–∫–∞—é—Å—å –≤–ø–µ—Ä—à–µ,–°—Ç–∏–∫–∞—é—Å—å –≤–ø–µ—Ä—à–µ,–°—Ç–∏–∫–∞—é—Å—å –≤–ø–µ—Ä—à–µ,–°—Ç–∏–∫–∞—é—Å—å –≤–ø–µ—Ä—à–µ,"–°—Ç–∏–∫–∞—é—Å—å –≤–ø–µ—Ä—à–µ, –Ω–µ –ø—Ä–∞—Ü—é–≤–∞–≤ —ñ–∑ –∑–æ–±—Ä–∞–∂–µ–Ω–Ω—è–º–∏","–°—Ç–∏–∫–∞—é—Å—å –≤–ø–µ—Ä—à–µ, –Ω–µ –ø—Ä–∞—Ü—é–≤–∞–≤ —ñ–∑ —Ç–µ–∫—Å—Ç–∞–º–∏","–•–æ—á—É –ø–æ–≥–ª–∏–±–∏—Ç–∏ —Å–≤–æ—ó –∑–Ω–∞–Ω–Ω—è, –¥—ñ–∑–Ω–∞—Ç–∏—Å—å –±—ñ–ª—å—à–µ –ø—Ä–æ –∫–æ–º–ø º—é—Ç–µ—Ä–Ω–∏–π –∑—ñ—Ä, –ø–æ–ø—Ä–∞—Ü—é–≤–∞—Ç–∏ –∑ –∞–ª–≥–æ—Ä–∏—Ç–º–∞–º–∏ ",–ø–æ–∫–∏ –Ω–µ –≤–ø–µ–≤–Ω–µ–Ω–∏–π
2023-09-04 09:32:30.505,"–§–ë-01, –§–ë-02, –§–ë-03, –§–ë-04, –§–ë-05","–í–º—ñ—é –Ω–∞–ª–∞—à—Ç–æ–≤—É–≤–∞—Ç–∏ –æ—Ç–æ—á–µ–Ω–Ω—è, –∫–æ—Ä–∏—Å—Ç—É–≤–∞–≤—Å—è jupyter notebook","–í–º—ñ—é –ø–∏—Å–∞—Ç–∏ –∑—Ä—ñ–∑–∏ –ø–æ —Ç–∞–±–ª–∏—Ü—è–º, —ñ—Ç–µ—Ä—É–≤–∞—Ç–∏—Å—è –ø–æ –Ω–∏–º, –±—É–¥—É–≤–∞—Ç–∏ —Å—Ç–∞—Ç–∏—Å—Ç–∏–∫—É, –≥—Ä–∞—Ñ—ñ–∫–∏ —Ç–æ—â–æ","–ö–æ—Ä–∏—Å—Ç—É—é—Å—å –ø–ª–∞—Ç—Ñ–æ—Ä–º–æ—é, –ø–∏—Å–∞–≤ —Ç–∞–º –∫–æ–¥",–°—Ç–∏–∫–∞—é—Å—å –≤–ø–µ—Ä—à–µ,–°—Ç–∏–∫–∞—é—Å—å –≤–ø–µ—Ä—à–µ,–°—Ç–∏–∫–∞—é—Å—å –≤–ø–µ—Ä—à–µ,–°—Ç–∏–∫–∞—é—Å—å –≤–ø–µ—Ä—à–µ,–°—Ç–∏–∫–∞—é—Å—å –≤–ø–µ—Ä—à–µ,–°—Ç–∏–∫–∞—é—Å—å –≤–ø–µ—Ä—à–µ,–°—Ç–∏–∫–∞—é—Å—å –≤–ø–µ—Ä—à–µ,"–ó–Ω–∞–π–æ–º–∏–π —ñ–∑ OpenCV (–º–æ–∂—É –∑–∞–≤–∞–Ω—Ç–∞–∂–∏—Ç–∏ –∑–æ–±—Ä–∞–∂–µ–Ω–Ω—è, –≤—ñ–¥–æ–±—Ä–∞–∑–∏—Ç–∏ –π–æ–≥–æ, –∫–æ–Ω–≤–µ—Ä—Ç—É–≤–∞–Ω–Ω—è –∫–æ–ª—å–æ—Ä—ñ–≤ —Ç–æ—â–æ)","–°—Ç–∏–∫–∞—é—Å—å –≤–ø–µ—Ä—à–µ, –Ω–µ –ø—Ä–∞—Ü—é–≤–∞–≤ —ñ–∑ —Ç–µ–∫—Å—Ç–∞–º–∏","–í—Å–µ —Ö–æ—Ç—ñ–ª–æ—Å—è –±–∏ –≤–∏–≤—á–∏—Ç–∏, –∞–ª–µ –≤—Å–µ —ñ –æ–¥—Ä–∞–∑—É –Ω–µ–º–æ–∂–ª–∏–≤–æ) –¢–æ–º—É –±—É–ª–æ –± —Ü—ñ–∫–∞–≤–æ –ø–æ–¥–∏–≤–∏—Ç–∏—Å—è –Ω–∞ –º–æ–≤–Ω—ñ –º–æ–¥–µ–ª—ñ, –ø–æ–ø—Ä–∞—Ü—é–≤–∞—Ç–∏ –∑ –æ–±—Ä–æ–±–∫–æ—é –∑–æ–±—Ä–∞–∂–µ–Ω—å, –Ω–µ–π—Ä–æ–Ω–Ω—ñ –º–µ—Ä–µ–∂—ñ ",—Ç–∞–∫
2023-09-04 10:19:43.837,"–§–§-01, –§–§-03",–ü–∏—Å–∞–≤ –ª–∞–±–∫–∏ –Ω–∞ Python –Ω–∞ —ñ–Ω—à–∏—Ö –ø—Ä–µ–¥–º–µ—Ç–∞—Ö,"–í–º—ñ—é –ø–∏—Å–∞—Ç–∏ –∑—Ä—ñ–∑–∏ –ø–æ —Ç–∞–±–ª–∏—Ü—è–º, —ñ—Ç–µ—Ä—É–≤–∞—Ç–∏—Å—è –ø–æ –Ω–∏–º, –±—É–¥—É–≤–∞—Ç–∏ —Å—Ç–∞—Ç–∏—Å—Ç–∏–∫—É, –≥—Ä–∞—Ñ—ñ–∫–∏ —Ç–æ—â–æ",–°—Ç–∏–∫–∞—é—Å—å –≤–ø–µ—Ä—à–µ,–°—Ç–∏–∫–∞—é—Å—å –≤–ø–µ—Ä—à–µ,–°—Ç–∏–∫–∞—é—Å—å –≤–ø–µ—Ä—à–µ,–°—Ç–∏–∫–∞—é—Å—å –≤–ø–µ—Ä—à–µ,–°—Ç–∏–∫–∞—é—Å—å –≤–ø–µ—Ä—à–µ,–°—Ç–∏–∫–∞—é—Å—å –≤–ø–µ—Ä—à–µ,–°—Ç–∏–∫–∞—é—Å—å –≤–ø–µ—Ä—à–µ,–°—Ç–∏–∫–∞—é—Å—å –≤–ø–µ—Ä—à–µ,"–°—Ç–∏–∫–∞—é—Å—å –≤–ø–µ—Ä—à–µ, –Ω–µ –ø—Ä–∞—Ü—é–≤–∞–≤ —ñ–∑ –∑–æ–±—Ä–∞–∂–µ–Ω–Ω—è–º–∏","–°—Ç–∏–∫–∞—é—Å—å –≤–ø–µ—Ä—à–µ, –Ω–µ –ø—Ä–∞—Ü—é–≤–∞–≤ —ñ–∑ —Ç–µ–∫—Å—Ç–∞–º–∏","–ó—Ä–æ–∑—É–º—ñ—Ç–∏ –æ—Å–Ω–æ–≤–∏, —ñ –ø–æ—á–∞—Ç–∏ —Ä–æ–∑–±–∏—Ä–∞—Ç–∏—Å—è –≤ —Ç–µ–º–∞—Ö, —è–∫—ñ –∑–∞–ø—Ä–æ–ø–æ–Ω–æ–≤–∞–Ω—ñ –∫—É—Ä—Å–æ–º, —Ç–∞–∫ —è–∫ —Ä–∞–Ω—ñ—à–µ –Ω–µ —Ä–æ–±–∏–ª–∞ –º–∞–π–∂–µ –Ω—ñ—á–æ–≥–æ –∑ –∑–∞–ø—Ä–æ–ø–æ–Ω–æ–≤–∞–Ω–æ–≥–æ –≤ –æ–ø–∏—Ç—É–≤–∞–Ω–Ω—ñ",–ø–æ–∫–∏ –Ω–µ –≤–ø–µ–≤–Ω–µ–Ω–∏–π
2023-09-04 11:44:23.548,"–§–Ü-01, –§–Ü-02","–í–º—ñ—é –Ω–∞–ª–∞—à—Ç–æ–≤—É–≤–∞—Ç–∏ –æ—Ç–æ—á–µ–Ω–Ω—è, –∫–æ—Ä–∏—Å—Ç—É–≤–∞–≤—Å—è jupyter notebook","–í–º—ñ—é –ø–∏—Å–∞—Ç–∏ –∑—Ä—ñ–∑–∏ –ø–æ —Ç–∞–±–ª–∏—Ü—è–º, —ñ—Ç–µ—Ä—É–≤–∞—Ç–∏—Å—è –ø–æ –Ω–∏–º, –±—É–¥—É–≤–∞—Ç–∏ —Å—Ç–∞—Ç–∏—Å—Ç–∏–∫—É, –≥—Ä–∞—Ñ—ñ–∫–∏ —Ç–æ—â–æ","–ö–æ—Ä–∏—Å—Ç—É—é—Å—å –ø–ª–∞—Ç—Ñ–æ—Ä–º–æ—é, –ø–∏—à—É –∫–æ–¥ —Ä–µ–≥—É–ª—è—Ä–Ω–æ, –≤–º—ñ—é —à—É–∫–∞—Ç–∏ –¥–∞—Ç–∞—Å–µ—Ç–∏, –±–µ—Ä—É —É—á–∞—Å—Ç—å –≤ –∑–º–∞–≥–∞–Ω–Ω—è—Ö (Kaggle)","–ú–æ–∂—É —Å–∞–º–æ—Å—Ç—ñ–π–Ω–æ —Ä–µ–∞–ª—ñ–∑—É–≤–∞—Ç–∏ ""from scratch""",–û—Ä—ñ—î–Ω—Ç—É—é—Å—å –≤ –ø–∞—Ä–∞–º–µ—Ç—Ä–∞—Ö –∞–ª–≥–æ—Ä–∏—Ç–º—É —Ç–∞ –º–æ–∂—É —ó—Ö —Ä–µ–≥—É–ª—é–≤–∞—Ç–∏ –≤—ñ–¥–ø–æ–≤—ñ–¥–Ω–æ –¥–æ –∑–∞–¥–∞—á—ñ,"–†–æ–∑—É–º—ñ—é –∞–ª–≥–æ—Ä–∏—Ç–º, –º–æ–∂—É —Ä–µ–∞–ª—ñ–∑—É–≤–∞—Ç–∏ ""from scratch""",–û—Ä—ñ—î–Ω—Ç—É—é—Å—å –≤ –ø–∞—Ä–∞–º–µ—Ç—Ä–∞—Ö –∞–ª–≥–æ—Ä–∏—Ç–º—É —Ç–∞ –º–æ–∂—É —ó—Ö —Ä–µ–≥—É–ª—é–≤–∞—Ç–∏ –≤—ñ–¥–ø–æ–≤—ñ–¥–Ω–æ –¥–æ –∑–∞–¥–∞—á—ñ,–û—Ä—ñ—î–Ω—Ç—É—é—Å—å –≤ –ø–∞—Ä–∞–º–µ—Ç—Ä–∞—Ö –∞–ª–≥–æ—Ä–∏—Ç–º—É —Ç–∞ –º–æ–∂—É —ó—Ö —Ä–µ–≥—É–ª—é–≤–∞—Ç–∏ –≤—ñ–¥–ø–æ–≤—ñ–¥–Ω–æ –¥–æ –∑–∞–¥–∞—á—ñ,"–ó–Ω–∞–π–æ–º–∏–π —ñ–∑ –ø–µ—Ä—Ü–µ–ø—Ç—Ä–æ–Ω–æ–º, –º–æ–∂—É –∫–æ—Ä–∏—Å—Ç—É–≤–∞—Ç–∏—Å—å MLP —ñ–∑ sklearn","–†–æ–∑—É–º—ñ—é –±—ñ–ª—å—à —Å–∫–ª–∞–¥–Ω—ñ –º–µ—Ç—Ä–∏–∫–∏ Precision/Recall, ROC-AUC, –º–æ–∂—É —Ä–µ–≥—É–ª—é–≤–∞—Ç–∏ –ø–æ–≤–µ–¥—ñ–Ω–∫—É –∞–ª–≥–æ—Ä–∏—Ç–º—É –ø—ñ–¥ —Ä—ñ–∑–Ω—ñ —Ç–∏–ø–∏ –ø–æ–º–∏–ª–æ–∫","–°—Ç–∏–∫–∞—é—Å—å –≤–ø–µ—Ä—à–µ, –Ω–µ –ø—Ä–∞—Ü—é–≤–∞–≤ —ñ–∑ –∑–æ–±—Ä–∞–∂–µ–Ω–Ω—è–º–∏","–ó–Ω–∞—é –ø—Ä–æ –ø—ñ–¥—Ö–æ–¥–∏ ""bag-of-words"", ""TF-IDF"", —Ç–∞–∫–æ–∂ —Ä–µ–≥—É–ª—è—Ä–Ω—ñ –≤–∏—Ä–∞–∑–∏","–î—É–∂–µ –± —Ö–æ—Ç—ñ–ª–æ—Å—è –ø—Ä–∏–∫–ª–∞–¥–Ω–∏—Ö –∑–∞–¥–∞—á —ñ–∑ –æ–±–ª–∞—Å—Ç—ñ computer vision —Ç–∞ time series (–ø—ñ–¥—Ö–æ–¥–∏ —ñ–∑ –≤–∏–∫–æ—Ä–∏—Å—Ç–∞–Ω–Ω—è–º –≥–ª–∏–±–æ–∫–æ–≥–æ –Ω–∞–≤—á–∞–Ω–Ω—è, –∞ –Ω–µ —Å—Ç–∞—Ç–∏—Å—Ç–∏—á–Ω–∏—Ö –º–µ—Ç–æ–¥—ñ–≤)",—Ç–∞–∫
2023-09-04 12:11:35.408,"–§–Ü-03, –§–Ü-04","–í–º—ñ—é –Ω–∞–ª–∞—à—Ç–æ–≤—É–≤–∞—Ç–∏ –æ—Ç–æ—á–µ–Ω–Ω—è, –∫–æ—Ä–∏—Å—Ç—É–≤–∞–≤—Å—è jupyter notebook","–í–º—ñ—é –∑–∞–≤–∞–Ω—Ç–∞–∂—É–≤–∞—Ç–∏ –¥–∞–Ω—ñ —É pandas, –∫–æ—Ä–∏—Å—Ç—É–≤–∞—Ç–∏—Å—å –Ω–∏–º–∏ —è–∫ –∑–≤–∏—á–∞–π–Ω–∏–º –º–∞—Å–∏–≤–æ–º","–ö–æ—Ä–∏—Å—Ç—É—é—Å—å –ø–ª–∞—Ç—Ñ–æ—Ä–º–æ—é, –ø–∏—Å–∞–≤ —Ç–∞–º –∫–æ–¥",–ó–Ω–∞—é –ø–æ—Å—Ç–∞–Ω–æ–≤–∫—É –∑–∞–¥–∞—á—ñ —Ç–∞ –∫–æ—Ä–∏—Å—Ç—É—é—Å—å –∫–ª–∞—Å–∞–º–∏ —ñ–∑ sklearn,–ö–æ—Ä–∏—Å—Ç—É—é—Å—å –∫–ª–∞—Å–∞–º–∏ —ñ–∑ sklearn –Ω–∞ –±–∞–∑–æ–≤–∏—Ö –ø–∞—Ä–∞–º–µ—Ç—Ä–∞—Ö,–°—Ç–∏–∫–∞—é—Å—å –≤–ø–µ—Ä—à–µ,–ö–æ—Ä–∏—Å—Ç—É—é—Å—å –∫–ª–∞—Å–∞–º–∏ —ñ–∑ sklearn –Ω–∞ –±–∞–∑–æ–≤–∏—Ö –ø–∞—Ä–∞–º–µ—Ç—Ä–∞—Ö,–°—Ç–∏–∫–∞—é—Å—å –≤–ø–µ—Ä—à–µ,–°—Ç–∏–∫–∞—é—Å—å –≤–ø–µ—Ä—à–µ,"–ó–Ω–∞–π–æ–º–∏–π —ñ–∑ –¥–µ—è–∫–∏–º–∏ –º–µ—Ç—Ä–∏–∫–∞–º–∏ (–Ω–∞–ø—Ä–∏–∫–ª–∞–¥, Accuracy –¥–ª—è –∫–ª–∞—Å–∏—Ñ—ñ–∫–∞—Ü—ñ—ó —ñ MSE –¥–ª—è –∑–∞–¥–∞—á —Ä–µ–≥—Ä–µ—Å—ñ—ó)","–°—Ç–∏–∫–∞—é—Å—å –≤–ø–µ—Ä—à–µ, –Ω–µ –ø—Ä–∞—Ü—é–≤–∞–≤ —ñ–∑ –∑–æ–±—Ä–∞–∂–µ–Ω–Ω—è–º–∏","–°—Ç–∏–∫–∞—é—Å—å –≤–ø–µ—Ä—à–µ, –Ω–µ –ø—Ä–∞—Ü—é–≤–∞–≤ —ñ–∑ —Ç–µ–∫—Å—Ç–∞–º–∏",–•–æ—Ç—ñ–ª–∞ –± –±—ñ–ª—å—à–µ –ø–æ–∑–Ω–∞–π–æ–º–∏—Ç–∏—Å—è –∑ –º–µ—Ç–æ–¥–∞–º–∏ –º–∞—à–∏–Ω–Ω–æ–≥–æ –Ω–∞–≤—á–∞–Ω–Ω—è (–æ—Å–æ–±–ª–∏–≤–æ –∑ –Ω–µ–π—Ä–æ–Ω–Ω–∏–º–∏ –º–µ—Ä–µ–∂–∞–º–∏ —Ç–∞ –ø–æ–≤—Ç–æ—Ä–∏—Ç–∏ –≤—ñ–¥–æ–º—ñ –∞–ª–≥–æ—Ä–∏—Ç–º–∏ —Ç–∞ –º–µ—Ç–æ–¥–∏ –ø–æ–≤‚Äò—è–∑–∞–Ω—ñ –∑ –¥–∞–Ω–∏–º–∏,–ø–æ–∫–∏ –Ω–µ –≤–ø–µ–≤–Ω–µ–Ω–∏–π
2023-09-04 15:21:55.277,"–§–Ü-01, –§–Ü-02","–í–º—ñ—é –Ω–∞–ª–∞—à—Ç–æ–≤—É–≤–∞—Ç–∏ –æ—Ç–æ—á–µ–Ω–Ω—è, –∫–æ—Ä–∏—Å—Ç—É–≤–∞–≤—Å—è jupyter notebook","–í–º—ñ—é –ø–∏—Å–∞—Ç–∏ –∑—Ä—ñ–∑–∏ –ø–æ —Ç–∞–±–ª–∏—Ü—è–º, —ñ—Ç–µ—Ä—É–≤–∞—Ç–∏—Å—è –ø–æ –Ω–∏–º, –±—É–¥—É–≤–∞—Ç–∏ —Å—Ç–∞—Ç–∏—Å—Ç–∏–∫—É, –≥—Ä–∞—Ñ—ñ–∫–∏ —Ç–æ—â–æ","–ö–æ—Ä–∏—Å—Ç—É—é—Å—å –ø–ª–∞—Ç—Ñ–æ—Ä–º–æ—é, –ø–∏—Å–∞–≤ —Ç–∞–º –∫–æ–¥","–ú–æ–∂—É —Å–∞–º–æ—Å—Ç—ñ–π–Ω–æ —Ä–µ–∞–ª—ñ–∑—É–≤–∞—Ç–∏ ""from scratch""","–†–æ–∑—É–º—ñ—é –∞–ª–≥–æ—Ä–∏—Ç–º, –º–æ–∂—É —Ä–µ–∞–ª—ñ–∑—É–≤–∞—Ç–∏ ""from scratch""",–ö–æ—Ä–∏—Å—Ç—É—é—Å—å –∫–ª–∞—Å–∞–º–∏ —ñ–∑ sklearn –Ω–∞ –±–∞–∑–æ–≤–∏—Ö –ø–∞—Ä–∞–º–µ—Ç—Ä–∞—Ö,"–†–æ–∑—É–º—ñ—é –∞–ª–≥–æ—Ä–∏—Ç–º, –º–æ–∂—É —Ä–µ–∞–ª—ñ–∑—É–≤–∞—Ç–∏ ""from scratch""",–°—Ç–∏–∫–∞—é—Å—å –≤–ø–µ—Ä—à–µ,"–ó–Ω–∞–π–æ–º–∏–π —ñ–∑ —Ñ—Ä–µ–π–º–≤–æ—Ä–∫–∞–º–∏ –¥–ª—è DL (Pytorch, Tensorflow), –º–æ–∂—É –∫–æ—Ä–∏—Å—Ç—É–≤–∞—Ç–∏—Å—å –Ω–∞–≤—á–µ–Ω–∏–º–∏ –º–µ—Ä–µ–∂–∞–º–∏","–ó–Ω–∞–π–æ–º–∏–π —ñ–∑ –¥–µ—è–∫–∏–º–∏ –º–µ—Ç—Ä–∏–∫–∞–º–∏ (–Ω–∞–ø—Ä–∏–∫–ª–∞–¥, Accuracy –¥–ª—è –∫–ª–∞—Å–∏—Ñ—ñ–∫–∞—Ü—ñ—ó —ñ MSE –¥–ª—è –∑–∞–¥–∞—á —Ä–µ–≥—Ä–µ—Å—ñ—ó)","–ó–Ω–∞–π–æ–º–∏–π —ñ–∑ OpenCV (–∑–Ω–∞—Ö–æ–¥–∏—Ç–∏ –∫–æ–Ω—Ç—É—Ä–∏, –¥–µ—Å–∫—Ä–∏–ø—Ç–æ—Ä–∏ –∑–æ–±—Ä–∞–∂–µ–Ω—å, –º–æ—Ä—Ñ-–æ–ø–µ—Ä–∞—Ü—ñ—ó)","–ú–æ–∂—É –ø—Ä–∞—Ü—é–≤–∞—Ç–∏ –∑ —Ç–µ–∫—Å—Ç–∞–º–∏ –Ω–∞ —Ä—ñ–≤–Ω—ñ –±–∞–∑–æ–≤–æ—ó –±—ñ–±–ª—ñ–æ—Ç–µ–∫–∏ (–≤—Ö–æ–¥–∂–µ–Ω–Ω—è, –≤–µ–ª–∏–∫—ñ/–º–∞–ª—ñ –ª—ñ—Ç–µ—Ä–∏, –ø—Ä–æ—Å—Ç—ñ –æ–ø–µ—Ä–∞—Ü—ñ—ó)","–•–æ—á—É –∑–∞–∫—Ä–∏—Ç–∏ –ø—Ä–æ–±—ñ–ª–∏ –≤ –∑–Ω–∞–Ω–Ω—è—Ö –∑ –∫–ª–∞—Å–∏—á–Ω–∏—Ö –∞–ª–≥–æ—Ä–∏—Ç–º—ñ–≤ –º–∞—à–∏–Ω–Ω–æ–≥–æ –Ω–∞–≤—á–∞–Ω–Ω—è, –¥–µ—Ç–∞–ª—å–Ω—ñ—à–µ —Ä–æ–∑–≥–ª—è–Ω—É—Ç–∏ Image Segmentation, Time series forecasting",–ø–æ–∫–∏ –Ω–µ –≤–ø–µ–≤–Ω–µ–Ω–∏–π
2023-09-04 21:17:41.373,"–§–ë-01, –§–ë-02, –§–ë-03, –§–ë-04, –§–ë-05","–í–º—ñ—é –Ω–∞–ª–∞—à—Ç–æ–≤—É–≤–∞—Ç–∏ –æ—Ç–æ—á–µ–Ω–Ω—è, –∫–æ—Ä–∏—Å—Ç—É–≤–∞–≤—Å—è jupyter notebook","–í–º—ñ—é –ø–∏—Å–∞—Ç–∏ –∑—Ä—ñ–∑–∏ –ø–æ —Ç–∞–±–ª–∏—Ü—è–º, —ñ—Ç–µ—Ä—É–≤–∞—Ç–∏—Å—è –ø–æ –Ω–∏–º, –±—É–¥—É–≤–∞—Ç–∏ —Å—Ç–∞—Ç–∏—Å—Ç–∏–∫—É, –≥—Ä–∞—Ñ—ñ–∫–∏ —Ç–æ—â–æ",–°—Ç–∏–∫–∞—é—Å—å –≤–ø–µ—Ä—à–µ,–ó–Ω–∞—é –ø–æ—Å—Ç–∞–Ω–æ–≤–∫—É –∑–∞–¥–∞—á—ñ —Ç–∞ –∫–æ—Ä–∏—Å—Ç—É—é—Å—å –∫–ª–∞—Å–∞–º–∏ —ñ–∑ sklearn,–°—Ç–∏–∫–∞—é—Å—å –≤–ø–µ—Ä—à–µ,–°—Ç–∏–∫–∞—é—Å—å –≤–ø–µ—Ä—à–µ,–°—Ç–∏–∫–∞—é—Å—å –≤–ø–µ—Ä—à–µ,–°—Ç–∏–∫–∞—é—Å—å –≤–ø–µ—Ä—à–µ,–°—Ç–∏–∫–∞—é—Å—å –≤–ø–µ—Ä—à–µ,"–ó–Ω–∞–π–æ–º–∏–π —ñ–∑ –¥–µ—è–∫–∏–º–∏ –º–µ—Ç—Ä–∏–∫–∞–º–∏ (–Ω–∞–ø—Ä–∏–∫–ª–∞–¥, Accuracy –¥–ª—è –∫–ª–∞—Å–∏—Ñ—ñ–∫–∞—Ü—ñ—ó —ñ MSE –¥–ª—è –∑–∞–¥–∞—á —Ä–µ–≥—Ä–µ—Å—ñ—ó)","–ó–Ω–∞–π–æ–º–∏–π —ñ–∑ OpenCV (–º–æ–∂—É –∑–∞–≤–∞–Ω—Ç–∞–∂–∏—Ç–∏ –∑–æ–±—Ä–∞–∂–µ–Ω–Ω—è, –≤—ñ–¥–æ–±—Ä–∞–∑–∏—Ç–∏ –π–æ–≥–æ, –∫–æ–Ω–≤–µ—Ä—Ç—É–≤–∞–Ω–Ω—è –∫–æ–ª—å–æ—Ä—ñ–≤ —Ç–æ—â–æ)","–ú–æ–∂—É –ø—Ä–∞—Ü—é–≤–∞—Ç–∏ –∑ —Ç–µ–∫—Å—Ç–∞–º–∏ –Ω–∞ —Ä—ñ–≤–Ω—ñ –±–∞–∑–æ–≤–æ—ó –±—ñ–±–ª—ñ–æ—Ç–µ–∫–∏ (–≤—Ö–æ–¥–∂–µ–Ω–Ω—è, –≤–µ–ª–∏–∫—ñ/–º–∞–ª—ñ –ª—ñ—Ç–µ—Ä–∏, –ø—Ä–æ—Å—Ç—ñ –æ–ø–µ—Ä–∞—Ü—ñ—ó)","–•–æ—Ç—ñ–≤ –±–∏ –æ–∑–Ω–∞–π–æ–º–∏—Ç–∏—Å—å –∑ –º–µ—Ç–æ–¥–∞–º–∏ –º–∞—à–∏–Ω–Ω–æ–≥–æ –Ω–∞–≤—á–∞–Ω–Ω—è, –æ—Å–∫—ñ–ª—å–∫–∏ –∑–æ–≤—Å—ñ–º –Ω–µ –æ—Ä—ñ—î–Ω—Ç—É—é—Å—å —É —Ü—ñ–π —Ç–µ–º—ñ",–Ω—ñ
2023-09-04 21:23:14.583,"–§–ë-01, –§–ë-02, –§–ë-03, –§–ë-04, –§–ë-05","–í–º—ñ—é –Ω–∞–ª–∞—à—Ç–æ–≤—É–≤–∞—Ç–∏ –æ—Ç–æ—á–µ–Ω–Ω—è, –∫–æ—Ä–∏—Å—Ç—É–≤–∞–≤—Å—è jupyter notebook","–í–º—ñ—é –ø–∏—Å–∞—Ç–∏ –∑—Ä—ñ–∑–∏ –ø–æ —Ç–∞–±–ª–∏—Ü—è–º, —ñ—Ç–µ—Ä—É–≤–∞—Ç–∏—Å—è –ø–æ –Ω–∏–º, –±—É–¥—É–≤–∞—Ç–∏ —Å—Ç–∞—Ç–∏—Å—Ç–∏–∫—É, –≥—Ä–∞—Ñ—ñ–∫–∏ —Ç–æ—â–æ",–°—Ç–∏–∫–∞—é—Å—å –≤–ø–µ—Ä—à–µ,–°—Ç–∏–∫–∞—é—Å—å –≤–ø–µ—Ä—à–µ,–°—Ç–∏–∫–∞—é—Å—å –≤–ø–µ—Ä—à–µ,–°—Ç–∏–∫–∞—é—Å—å –≤–ø–µ—Ä—à–µ,–°—Ç–∏–∫–∞—é—Å—å –≤–ø–µ—Ä—à–µ,–°—Ç–∏–∫–∞—é—Å—å –≤–ø–µ—Ä—à–µ,–°—Ç–∏–∫–∞—é—Å—å –≤–ø–µ—Ä—à–µ,–°—Ç–∏–∫–∞—é—Å—å –≤–ø–µ—Ä—à–µ,"–°—Ç–∏–∫–∞—é—Å—å –≤–ø–µ—Ä—à–µ, –Ω–µ –ø—Ä–∞—Ü—é–≤–∞–≤ —ñ–∑ –∑–æ–±—Ä–∞–∂–µ–Ω–Ω—è–º–∏","–°—Ç–∏–∫–∞—é—Å—å –≤–ø–µ—Ä—à–µ, –Ω–µ –ø—Ä–∞—Ü—é–≤–∞–≤ —ñ–∑ —Ç–µ–∫—Å—Ç–∞–º–∏","–æ—á—ñ–∫—É—é —â–æ —Ü–µ–π –∫—É—Ä—Å –¥–æ–ø–æ–º–æ–∂–µ –º–µ–Ω—ñ —Ä–æ–∑–≤–∏–Ω—É—Ç–∏ –Ω–∞–≤–∏—á–∫–∏, –Ω–µ–æ–±—Ö—ñ–¥–Ω—ñ –¥–ª—è –≤–∏—Ä—ñ—à–µ–Ω–Ω—è —Ä–µ–∞–ª—å–Ω–∏—Ö –∑–∞–≤–¥–∞–Ω—å —É —Å–≤—ñ—Ç—ñ –º–∞—à–∏–Ω–Ω–æ–≥–æ –Ω–∞–≤—á–∞–Ω–Ω—è. (–≤—ñ–¥–ø–æ–≤—ñ–¥—å –¥–æ–ø–æ–º—ñ–≥ –Ω–∞–¥–∞—Ç–∏ GPT-3.5)",–Ω—ñ
2023-09-04 21:23:36.148,"–§–ë-01, –§–ë-02, –§–ë-03, –§–ë-04, –§–ë-05",–ü–∏—Å–∞–≤ –ª–∞–±–∫–∏ –Ω–∞ Python –Ω–∞ —ñ–Ω—à–∏—Ö –ø—Ä–µ–¥–º–µ—Ç–∞—Ö,"–í–º—ñ—é –∑–∞–≤–∞–Ω—Ç–∞–∂—É–≤–∞—Ç–∏ –¥–∞–Ω—ñ —É pandas, –∫–æ—Ä–∏—Å—Ç—É–≤–∞—Ç–∏—Å—å –Ω–∏–º–∏ —è–∫ –∑–≤–∏—á–∞–π–Ω–∏–º –º–∞—Å–∏–≤–æ–º","–ö–æ—Ä–∏—Å—Ç—É—é—Å—å –ø–ª–∞—Ç—Ñ–æ—Ä–º–æ—é, –ø–∏—Å–∞–≤ —Ç–∞–º –∫–æ–¥",–°—Ç–∏–∫–∞—é—Å—å –≤–ø–µ—Ä—à–µ,–°—Ç–∏–∫–∞—é—Å—å –≤–ø–µ—Ä—à–µ,–°—Ç–∏–∫–∞—é—Å—å –≤–ø–µ—Ä—à–µ,–°—Ç–∏–∫–∞—é—Å—å –≤–ø–µ—Ä—à–µ,–°—Ç–∏–∫–∞—é—Å—å –≤–ø–µ—Ä—à–µ,–°—Ç–∏–∫–∞—é—Å—å –≤–ø–µ—Ä—à–µ,–°—Ç–∏–∫–∞—é—Å—å –≤–ø–µ—Ä—à–µ,"–°—Ç–∏–∫–∞—é—Å—å –≤–ø–µ—Ä—à–µ, –Ω–µ –ø—Ä–∞—Ü—é–≤–∞–≤ —ñ–∑ –∑–æ–±—Ä–∞–∂–µ–Ω–Ω—è–º–∏","–°—Ç–∏–∫–∞—é—Å—å –≤–ø–µ—Ä—à–µ, –Ω–µ –ø—Ä–∞—Ü—é–≤–∞–≤ —ñ–∑ —Ç–µ–∫—Å—Ç–∞–º–∏","–î–∞–ª–µ–∫–∏–π —á–∞—Å –¥–ª—è —Å–µ–±–µ –∑—Ä–æ–∑—É–º—ñ–≤, —â–æ –±—É–¥—å-—è–∫–∞ –∞–π—Ç—ñ –¥—ñ—è–ª—å–Ω—ñ—Å—Ç—å - –Ω–µ –º–æ—î:) –°–∞–º–µ —Ç–æ–º—É –±—ñ–ª—å—à–µ —Ä–æ–∫—É —Ä–æ–∑–≤–∏–≤–∞—é—Å—å –≤ HR. –ó —Ü—å–æ–≥–æ —Ç–∞–∫—ñ –æ—á—ñ–∫—É–≤–∞–Ω–Ω—è: –≤–º—ñ—Ç–∏ —Ä–æ–±–∏—Ç–∏ –±–∞–∑–æ–≤—ñ —Ä–µ—á—ñ, —â–æ–± —Ä–æ–∑—É–º—ñ—Ç–∏, –ø—Ä–æ —â–æ –≥–æ–≤–æ—Ä—è—Ç—å –¥–æ—Å–≤—ñ–¥—á–µ–Ω—ñ –ª—é–¥–∏ —ñ –º–æ–≥—Ç–∏ —Ä–æ–∑—ñ–±—Ä–∞—Ç–∏—Å—å —Å–∞–º–æ–º—É.",–Ω—ñ
2023-09-04 21:26:14.473,"–§–ë-01, –§–ë-02, –§–ë-03, –§–ë-04, –§–ë-05","–í–º—ñ—é –Ω–∞–ª–∞—à—Ç–æ–≤—É–≤–∞—Ç–∏ –æ—Ç–æ—á–µ–Ω–Ω—è, –∫–æ—Ä–∏—Å—Ç—É–≤–∞–≤—Å—è jupyter notebook","–í–º—ñ—é –ø–∏—Å–∞—Ç–∏ –∑—Ä—ñ–∑–∏ –ø–æ —Ç–∞–±–ª–∏—Ü—è–º, —ñ—Ç–µ—Ä—É–≤–∞—Ç–∏—Å—è –ø–æ –Ω–∏–º, –±—É–¥—É–≤–∞—Ç–∏ —Å—Ç–∞—Ç–∏—Å—Ç–∏–∫—É, –≥—Ä–∞—Ñ—ñ–∫–∏ —Ç–æ—â–æ",–°—Ç–∏–∫–∞—é—Å—å –≤–ø–µ—Ä—à–µ,–°—Ç–∏–∫–∞—é—Å—å –≤–ø–µ—Ä—à–µ,–°—Ç–∏–∫–∞—é—Å—å –≤–ø–µ—Ä—à–µ,–°—Ç–∏–∫–∞—é—Å—å –≤–ø–µ—Ä—à–µ,–°—Ç–∏–∫–∞—é—Å—å –≤–ø–µ—Ä—à–µ,–°—Ç–∏–∫–∞—é—Å—å –≤–ø–µ—Ä—à–µ,–°—Ç–∏–∫–∞—é—Å—å –≤–ø–µ—Ä—à–µ,–°—Ç–∏–∫–∞—é—Å—å –≤–ø–µ—Ä—à–µ,–ú–æ–∂—É –≤–∏–∫–æ—Ä–∏—Å—Ç–æ–≤—É–≤–∞—Ç–∏ OpenCV —ñ DL —Ñ—Ä–µ–π–º–≤–æ—Ä–∫–∏ –≤ –∫–æ–º–±—ñ–Ω–∞—Ü—ñ—ó –¥–ª—è —Ä–æ–∑–≤'—è–∑–∞–Ω–Ω—è –±—ñ–ª—å—à —Å–∫–ª–∞–¥–Ω–∏—Ö –∑–∞–¥–∞—á,"–ú–æ–∂—É –ø—Ä–∞—Ü—é–≤–∞—Ç–∏ –∑ —Ç–µ–∫—Å—Ç–∞–º–∏ –Ω–∞ —Ä—ñ–≤–Ω—ñ –±–∞–∑–æ–≤–æ—ó –±—ñ–±–ª—ñ–æ—Ç–µ–∫–∏ (–≤—Ö–æ–¥–∂–µ–Ω–Ω—è, –≤–µ–ª–∏–∫—ñ/–º–∞–ª—ñ –ª—ñ—Ç–µ—Ä–∏, –ø—Ä–æ—Å—Ç—ñ –æ–ø–µ—Ä–∞—Ü—ñ—ó)",–•–æ—á—É –±—ñ–ª—å—à –ø–æ–≥–ª–∏–±–ª–µ–Ω–æ –≤–∏–≤—á–∞—Ç–∏ —Ü—é —Å—Ñ–µ—Ä—É,—Ç–∞–∫
2023-09-04 21:28:38.059,"–§–ë-01, –§–ë-02, –§–ë-03, –§–ë-04, –§–ë-05",–ü–∏—Å–∞–≤ –ª–∞–±–∫–∏ –Ω–∞ Python –Ω–∞ —ñ–Ω—à–∏—Ö –ø—Ä–µ–¥–º–µ—Ç–∞—Ö,–°—Ç–∏–∫–∞—é—Å—å –≤–ø–µ—Ä—à–µ,–°—Ç–∏–∫–∞—é—Å—å –≤–ø–µ—Ä—à–µ,–°—Ç–∏–∫–∞—é—Å—å –≤–ø–µ—Ä—à–µ,"–†–æ–∑—É–º—ñ—é –∞–ª–≥–æ—Ä–∏—Ç–º, –º–æ–∂—É —Ä–µ–∞–ª—ñ–∑—É–≤–∞—Ç–∏ ""from scratch""","–†–æ–∑—É–º—ñ—é –∞–ª–≥–æ—Ä–∏—Ç–º, –º–æ–∂—É —Ä–µ–∞–ª—ñ–∑—É–≤–∞—Ç–∏ ""from scratch""","–†–æ–∑—É–º—ñ—é –∞–ª–≥–æ—Ä–∏—Ç–º, –º–æ–∂—É —Ä–µ–∞–ª—ñ–∑—É–≤–∞—Ç–∏ ""from scratch""",–°—Ç–∏–∫–∞—é—Å—å –≤–ø–µ—Ä—à–µ,–°—Ç–∏–∫–∞—é—Å—å –≤–ø–µ—Ä—à–µ,–°—Ç–∏–∫–∞—é—Å—å –≤–ø–µ—Ä—à–µ,"–°—Ç–∏–∫–∞—é—Å—å –≤–ø–µ—Ä—à–µ, –Ω–µ –ø—Ä–∞—Ü—é–≤–∞–≤ —ñ–∑ –∑–æ–±—Ä–∞–∂–µ–Ω–Ω—è–º–∏","–°—Ç–∏–∫–∞—é—Å—å –≤–ø–µ—Ä—à–µ, –Ω–µ –ø—Ä–∞—Ü—é–≤–∞–≤ —ñ–∑ —Ç–µ–∫—Å—Ç–∞–º–∏",-,–ø–æ–∫–∏ –Ω–µ –≤–ø–µ–≤–Ω–µ–Ω–∏–π
2023-09-04 21:39:53.213,"–§–ë-01, –§–ë-02, –§–ë-03, –§–ë-04, –§–ë-05","–í–º—ñ—é –Ω–∞–ª–∞—à—Ç–æ–≤—É–≤–∞—Ç–∏ –æ—Ç–æ—á–µ–Ω–Ω—è, –∫–æ—Ä–∏—Å—Ç—É–≤–∞–≤—Å—è jupyter notebook","–í–º—ñ—é –ø–∏—Å–∞—Ç–∏ –∑—Ä—ñ–∑–∏ –ø–æ —Ç–∞–±–ª–∏—Ü—è–º, —ñ—Ç–µ—Ä—É–≤–∞—Ç–∏—Å—è –ø–æ –Ω–∏–º, –±—É–¥—É–≤–∞—Ç–∏ —Å—Ç–∞—Ç–∏—Å—Ç–∏–∫—É, –≥—Ä–∞—Ñ—ñ–∫–∏ —Ç–æ—â–æ","–ö–æ—Ä–∏—Å—Ç—É—é—Å—å –ø–ª–∞—Ç—Ñ–æ—Ä–º–æ—é, –ø–∏—à—É –∫–æ–¥ —Ä–µ–≥—É–ª—è—Ä–Ω–æ, –≤–º—ñ—é —à—É–∫–∞—Ç–∏ –¥–∞—Ç–∞—Å–µ—Ç–∏, –±–µ—Ä—É —É—á–∞—Å—Ç—å –≤ –∑–º–∞–≥–∞–Ω–Ω—è—Ö (Kaggle)","–ú–æ–∂—É —Å–∞–º–æ—Å—Ç—ñ–π–Ω–æ —Ä–µ–∞–ª—ñ–∑—É–≤–∞—Ç–∏ ""from scratch""","–†–æ–∑—É–º—ñ—é –∞–ª–≥–æ—Ä–∏—Ç–º, –º–æ–∂—É —Ä–µ–∞–ª—ñ–∑—É–≤–∞—Ç–∏ ""from scratch""",–û—Ä—ñ—î–Ω—Ç—É—é—Å—å –≤ –ø–∞—Ä–∞–º–µ—Ç—Ä–∞—Ö –∞–ª–≥–æ—Ä–∏—Ç–º—É —Ç–∞ –º–æ–∂—É —ó—Ö —Ä–µ–≥—É–ª—é–≤–∞—Ç–∏ –≤—ñ–¥–ø–æ–≤—ñ–¥–Ω–æ –¥–æ –∑–∞–¥–∞—á—ñ,"–†–æ–∑—É–º—ñ—é –∞–ª–≥–æ—Ä–∏—Ç–º, –º–æ–∂—É —Ä–µ–∞–ª—ñ–∑—É–≤–∞—Ç–∏ ""from scratch""",–û—Ä—ñ—î–Ω—Ç—É—é—Å—å –≤ –ø–∞—Ä–∞–º–µ—Ç—Ä–∞—Ö –∞–ª–≥–æ—Ä–∏—Ç–º—É —Ç–∞ –º–æ–∂—É —ó—Ö —Ä–µ–≥—É–ª—é–≤–∞—Ç–∏ –≤—ñ–¥–ø–æ–≤—ñ–¥–Ω–æ –¥–æ –∑–∞–¥–∞—á—ñ,"–ú–æ–∂—É —Å–∞–º–æ—Å—Ç—ñ–π–Ω–æ —Ä–µ–∞–ª—ñ–∑–æ–≤—É–≤–∞—Ç–∏ —Å–≤–æ—ó –º–µ—Ä–µ–∂—ñ, –∞–±–æ –¥–æ–Ω–∞–≤—á–∞—Ç–∏ —ñ—Å–Ω—É—é—á—ñ –∞—Ä—Ö—ñ—Ç–µ–∫—Ç—É—Ä–∏ –≤ Pytorch/Tensorflow","–†–æ–∑—É–º—ñ—é –±—ñ–ª—å—à —Å–∫–ª–∞–¥–Ω—ñ –º–µ—Ç—Ä–∏–∫–∏ Precision/Recall, ROC-AUC, –º–æ–∂—É —Ä–µ–≥—É–ª—é–≤–∞—Ç–∏ –ø–æ–≤–µ–¥—ñ–Ω–∫—É –∞–ª–≥–æ—Ä–∏—Ç–º—É –ø—ñ–¥ —Ä—ñ–∑–Ω—ñ —Ç–∏–ø–∏ –ø–æ–º–∏–ª–æ–∫",–ú–æ–∂—É –≤–∏–∫–æ—Ä–∏—Å—Ç–æ–≤—É–≤–∞—Ç–∏ OpenCV —ñ DL —Ñ—Ä–µ–π–º–≤–æ—Ä–∫–∏ –≤ –∫–æ–º–±—ñ–Ω–∞—Ü—ñ—ó –¥–ª—è —Ä–æ–∑–≤'—è–∑–∞–Ω–Ω—è –±—ñ–ª—å—à —Å–∫–ª–∞–¥–Ω–∏—Ö –∑–∞–¥–∞—á,"–ó–Ω–∞–π–æ–º–∏–π —ñ–∑ –∫–ª–∞—Å–∏—á–Ω–∏–º NLP, —Ç–∞–∫–æ–∂ –∑–Ω–∞—é —Å–∫–ª–∞–¥–Ω—ñ—à—ñ —Ñ—Ä–µ–π–º–≤–æ—Ä–∫–∏ –¥–ª—è –æ–±—Ä–æ–±–∫–∏ —Ç–µ–∫—Å—Ç—ñ–≤ (nltk, spacy, gensim, transformers)",DL,–ø–æ–∫–∏ –Ω–µ –≤–ø–µ–≤–Ω–µ–Ω–∏–π
2023-09-04 21:53:34.858,"–§–ë-01, –§–ë-02, –§–ë-03, –§–ë-04, –§–ë-05","–í–º—ñ—é –Ω–∞–ª–∞—à—Ç–æ–≤—É–≤–∞—Ç–∏ –æ—Ç–æ—á–µ–Ω–Ω—è, –∫–æ—Ä–∏—Å—Ç—É–≤–∞–≤—Å—è jupyter notebook","–í–º—ñ—é –∑–∞–≤–∞–Ω—Ç–∞–∂—É–≤–∞—Ç–∏ –¥–∞–Ω—ñ —É pandas, –∫–æ—Ä–∏—Å—Ç—É–≤–∞—Ç–∏—Å—å –Ω–∏–º–∏ —è–∫ –∑–≤–∏—á–∞–π–Ω–∏–º –º–∞—Å–∏–≤–æ–º","–ö–æ—Ä–∏—Å—Ç—É—é—Å—å –ø–ª–∞—Ç—Ñ–æ—Ä–º–æ—é, –ø–∏—Å–∞–≤ —Ç–∞–º –∫–æ–¥",–°—Ç–∏–∫–∞—é—Å—å –≤–ø–µ—Ä—à–µ,–°—Ç–∏–∫–∞—é—Å—å –≤–ø–µ—Ä—à–µ,–°—Ç–∏–∫–∞—é—Å—å –≤–ø–µ—Ä—à–µ,–°—Ç–∏–∫–∞—é—Å—å –≤–ø–µ—Ä—à–µ,–°—Ç–∏–∫–∞—é—Å—å –≤–ø–µ—Ä—à–µ,–°—Ç–∏–∫–∞—é—Å—å –≤–ø–µ—Ä—à–µ,–°—Ç–∏–∫–∞—é—Å—å –≤–ø–µ—Ä—à–µ,"–°—Ç–∏–∫–∞—é—Å—å –≤–ø–µ—Ä—à–µ, –Ω–µ –ø—Ä–∞—Ü—é–≤–∞–≤ —ñ–∑ –∑–æ–±—Ä–∞–∂–µ–Ω–Ω—è–º–∏","–°—Ç–∏–∫–∞—é—Å—å –≤–ø–µ—Ä—à–µ, –Ω–µ –ø—Ä–∞—Ü—é–≤–∞–≤ —ñ–∑ —Ç–µ–∫—Å—Ç–∞–º–∏","–í–∏—Ö–æ–¥–∏—Ç—å, –æ—á—ñ–∫—É—é –ø–æ–∑–Ω–∞–π–æ–º–∏—Ç–∏—Å—å –∑ –ø—É–Ω–∫—Ç–∞–º–∏, –Ω–∞ —è–∫—ñ –≤—ñ–¥–ø–æ–≤—ñ–≤ ""—Å—Ç–∏–∫–∞—é—Å—å –≤–ø–µ—Ä—à–µ"" ü§ì
–ë–∞–∂–∞–Ω–æ ""–¥–ª—è –º–∞–ª–µ–Ω—å–∫–∏—Ö —ñ –¥—É—Ä–Ω–∏—Ö –∑ –Ω—É–ª—è"" ü§ì",–ø–æ–∫–∏ –Ω–µ –≤–ø–µ–≤–Ω–µ–Ω–∏–π
2023-09-04 22:08:37.538,"–§–Ü-01, –§–Ü-02","–í–º—ñ—é –Ω–∞–ª–∞—à—Ç–æ–≤—É–≤–∞—Ç–∏ –æ—Ç–æ—á–µ–Ω–Ω—è, –∫–æ—Ä–∏—Å—Ç—É–≤–∞–≤—Å—è jupyter notebook","–í–º—ñ—é –ø–∏—Å–∞—Ç–∏ –∑—Ä—ñ–∑–∏ –ø–æ —Ç–∞–±–ª–∏—Ü—è–º, —ñ—Ç–µ—Ä—É–≤–∞—Ç–∏—Å—è –ø–æ –Ω–∏–º, –±—É–¥—É–≤–∞—Ç–∏ —Å—Ç–∞—Ç–∏—Å—Ç–∏–∫—É, –≥—Ä–∞—Ñ—ñ–∫–∏ —Ç–æ—â–æ","–ö–æ—Ä–∏—Å—Ç—É—é—Å—å –ø–ª–∞—Ç—Ñ–æ—Ä–º–æ—é, –ø–∏—à—É –∫–æ–¥ —Ä–µ–≥—É–ª—è—Ä–Ω–æ, –≤–º—ñ—é —à—É–∫–∞—Ç–∏ –¥–∞—Ç–∞—Å–µ—Ç–∏, –±–µ—Ä—É —É—á–∞—Å—Ç—å –≤ –∑–º–∞–≥–∞–Ω–Ω—è—Ö (Kaggle)","–ú–æ–∂—É —Å–∞–º–æ—Å—Ç—ñ–π–Ω–æ —Ä–µ–∞–ª—ñ–∑—É–≤–∞—Ç–∏ ""from scratch""","–†–æ–∑—É–º—ñ—é –∞–ª–≥–æ—Ä–∏—Ç–º, –º–æ–∂—É —Ä–µ–∞–ª—ñ–∑—É–≤–∞—Ç–∏ ""from scratch""","–†–æ–∑—É–º—ñ—é –∞–ª–≥–æ—Ä–∏—Ç–º, –º–æ–∂—É —Ä–µ–∞–ª—ñ–∑—É–≤–∞—Ç–∏ ""from scratch""",–ö–æ—Ä–∏—Å—Ç—É—é—Å—å –∫–ª–∞—Å–∞–º–∏ —ñ–∑ sklearn –Ω–∞ –±–∞–∑–æ–≤–∏—Ö –ø–∞—Ä–∞–º–µ—Ç—Ä–∞—Ö,"–†–æ–∑—É–º—ñ—é –∞–ª–≥–æ—Ä–∏—Ç–º, –º–æ–∂—É —Ä–µ–∞–ª—ñ–∑—É–≤–∞—Ç–∏ ""from scratch""","–ú–æ–∂—É —Å–∞–º–æ—Å—Ç—ñ–π–Ω–æ —Ä–µ–∞–ª—ñ–∑–æ–≤—É–≤–∞—Ç–∏ —Å–≤–æ—ó –º–µ—Ä–µ–∂—ñ, –∞–±–æ –¥–æ–Ω–∞–≤—á–∞—Ç–∏ —ñ—Å–Ω—É—é—á—ñ –∞—Ä—Ö—ñ—Ç–µ–∫—Ç—É—Ä–∏ –≤ Pytorch/Tensorflow","–†–æ–∑—É–º—ñ—é –±—ñ–ª—å—à —Å–∫–ª–∞–¥–Ω—ñ –º–µ—Ç—Ä–∏–∫–∏ Precision/Recall, ROC-AUC, –º–æ–∂—É —Ä–µ–≥—É–ª—é–≤–∞—Ç–∏ –ø–æ–≤–µ–¥—ñ–Ω–∫—É –∞–ª–≥–æ—Ä–∏—Ç–º—É –ø—ñ–¥ —Ä—ñ–∑–Ω—ñ —Ç–∏–ø–∏ –ø–æ–º–∏–ª–æ–∫",–ú–æ–∂—É –≤–∏–∫–æ—Ä–∏—Å—Ç–æ–≤—É–≤–∞—Ç–∏ OpenCV —ñ DL —Ñ—Ä–µ–π–º–≤–æ—Ä–∫–∏ –≤ –∫–æ–º–±—ñ–Ω–∞—Ü—ñ—ó –¥–ª—è —Ä–æ–∑–≤'—è–∑–∞–Ω–Ω—è –±—ñ–ª—å—à —Å–∫–ª–∞–¥–Ω–∏—Ö –∑–∞–¥–∞—á,"–ó–Ω–∞–π–æ–º–∏–π —ñ–∑ –∫–ª–∞—Å–∏—á–Ω–∏–º NLP, —Ç–∞–∫–æ–∂ –∑–Ω–∞—é —Å–∫–ª–∞–¥–Ω—ñ—à—ñ —Ñ—Ä–µ–π–º–≤–æ—Ä–∫–∏ –¥–ª—è –æ–±—Ä–æ–±–∫–∏ —Ç–µ–∫—Å—Ç—ñ–≤ (nltk, spacy, gensim, transformers)","–•–æ—Ç—ñ–≤ –±–∏ –∑–∞–∫—Ä—ñ–ø–∏—Ç–∏ —Å–≤–æ—ó –∑–Ω–∞–Ω–Ω—è —É –º–∞—à–∏–Ω–Ω–æ–º—É –Ω–∞–≤—á–∞–Ω–Ω—ñ, –∞ —Ç–∞–∫–æ–∂ –ø–æ–∫—Ä–∞—â–∏—Ç–∏ –∑–Ω–∞–Ω–Ω—è –ø–æ –¥–µ—è–∫–∏–º –∞–ª–≥–æ—Ä–∏—Ç–º–∞–º, –¥–ª—è –ø—Ä–∏–∫–ª–∞–¥—É svm",–ø–æ–∫–∏ –Ω–µ –≤–ø–µ–≤–Ω–µ–Ω–∏–π
2023-09-04 22:25:53.533,"–§–ë-01, –§–ë-02, –§–ë-03, –§–ë-04, –§–ë-05","–í–º—ñ—é –Ω–∞–ª–∞—à—Ç–æ–≤—É–≤–∞—Ç–∏ –æ—Ç–æ—á–µ–Ω–Ω—è, –∫–æ—Ä–∏—Å—Ç—É–≤–∞–≤—Å—è jupyter notebook","–í–º—ñ—é –∑–∞–≤–∞–Ω—Ç–∞–∂—É–≤–∞—Ç–∏ –¥–∞–Ω—ñ —É pandas, –∫–æ—Ä–∏—Å—Ç—É–≤–∞—Ç–∏—Å—å –Ω–∏–º–∏ —è–∫ –∑–≤–∏—á–∞–π–Ω–∏–º –º–∞—Å–∏–≤–æ–º","–ö–æ—Ä–∏—Å—Ç—É—é—Å—å –ø–ª–∞—Ç—Ñ–æ—Ä–º–æ—é, –ø–∏—Å–∞–≤ —Ç–∞–º –∫–æ–¥",–ó–Ω–∞—é –ø–æ—Å—Ç–∞–Ω–æ–≤–∫—É –∑–∞–¥–∞—á—ñ —Ç–∞ –∫–æ—Ä–∏—Å—Ç—É—é—Å—å –∫–ª–∞—Å–∞–º–∏ —ñ–∑ sklearn,–ö–æ—Ä–∏—Å—Ç—É—é—Å—å –∫–ª–∞—Å–∞–º–∏ —ñ–∑ sklearn –Ω–∞ –±–∞–∑–æ–≤–∏—Ö –ø–∞—Ä–∞–º–µ—Ç—Ä–∞—Ö,–ö–æ—Ä–∏—Å—Ç—É—é—Å—å –∫–ª–∞—Å–∞–º–∏ —ñ–∑ sklearn –Ω–∞ –±–∞–∑–æ–≤–∏—Ö –ø–∞—Ä–∞–º–µ—Ç—Ä–∞—Ö,–ö–æ—Ä–∏—Å—Ç—É—é—Å—å –∫–ª–∞—Å–∞–º–∏ —ñ–∑ sklearn –Ω–∞ –±–∞–∑–æ–≤–∏—Ö –ø–∞—Ä–∞–º–µ—Ç—Ä–∞—Ö,–ö–æ—Ä–∏—Å—Ç—É—é—Å—å –∫–ª–∞—Å–∞–º–∏ —ñ–∑ sklearn/xgboost/lightgbm –Ω–∞ –±–∞–∑–æ–≤–∏—Ö –ø–∞—Ä–∞–º–µ—Ç—Ä–∞—Ö,–°—Ç–∏–∫–∞—é—Å—å –≤–ø–µ—Ä—à–µ,–°—Ç–∏–∫–∞—é—Å—å –≤–ø–µ—Ä—à–µ,"–°—Ç–∏–∫–∞—é—Å—å –≤–ø–µ—Ä—à–µ, –Ω–µ –ø—Ä–∞—Ü—é–≤–∞–≤ —ñ–∑ –∑–æ–±—Ä–∞–∂–µ–Ω–Ω—è–º–∏","–ú–æ–∂—É –ø—Ä–∞—Ü—é–≤–∞—Ç–∏ –∑ —Ç–µ–∫—Å—Ç–∞–º–∏ –Ω–∞ —Ä—ñ–≤–Ω—ñ –±–∞–∑–æ–≤–æ—ó –±—ñ–±–ª—ñ–æ—Ç–µ–∫–∏ (–≤—Ö–æ–¥–∂–µ–Ω–Ω—è, –≤–µ–ª–∏–∫—ñ/–º–∞–ª—ñ –ª—ñ—Ç–µ—Ä–∏, –ø—Ä–æ—Å—Ç—ñ –æ–ø–µ—Ä–∞—Ü—ñ—ó)",–ü–æ–∫–∏ –Ω–µ –∑–Ω–∞—é :),–ø–æ–∫–∏ –Ω–µ –≤–ø–µ–≤–Ω–µ–Ω–∏–π
2023-09-04 23:24:01.298,"–§–ë-01, –§–ë-02, –§–ë-03, –§–ë-04, –§–ë-05","–í–º—ñ—é –Ω–∞–ª–∞—à—Ç–æ–≤—É–≤–∞—Ç–∏ –æ—Ç–æ—á–µ–Ω–Ω—è, –∫–æ—Ä–∏—Å—Ç—É–≤–∞–≤—Å—è jupyter notebook","–í–º—ñ—é –ø–∏—Å–∞—Ç–∏ –∑—Ä—ñ–∑–∏ –ø–æ —Ç–∞–±–ª–∏—Ü—è–º, —ñ—Ç–µ—Ä—É–≤–∞—Ç–∏—Å—è –ø–æ –Ω–∏–º, –±—É–¥—É–≤–∞—Ç–∏ —Å—Ç–∞—Ç–∏—Å—Ç–∏–∫—É, –≥—Ä–∞—Ñ—ñ–∫–∏ —Ç–æ—â–æ","–ö–æ—Ä–∏—Å—Ç—É—é—Å—å –ø–ª–∞—Ç—Ñ–æ—Ä–º–æ—é, –ø–∏—Å–∞–≤ —Ç–∞–º –∫–æ–¥",–ó–Ω–∞—é –ø–æ—Å—Ç–∞–Ω–æ–≤–∫—É –∑–∞–¥–∞—á—ñ —Ç–∞ –∫–æ—Ä–∏—Å—Ç—É—é—Å—å –∫–ª–∞—Å–∞–º–∏ —ñ–∑ sklearn,–ö–æ—Ä–∏—Å—Ç—É—é—Å—å –∫–ª–∞—Å–∞–º–∏ —ñ–∑ sklearn –Ω–∞ –±–∞–∑–æ–≤–∏—Ö –ø–∞—Ä–∞–º–µ—Ç—Ä–∞—Ö,–°—Ç–∏–∫–∞—é—Å—å –≤–ø–µ—Ä—à–µ,–°—Ç–∏–∫–∞—é—Å—å –≤–ø–µ—Ä—à–µ,–°—Ç–∏–∫–∞—é—Å—å –≤–ø–µ—Ä—à–µ,–°—Ç–∏–∫–∞—é—Å—å –≤–ø–µ—Ä—à–µ,"–ó–Ω–∞–π–æ–º–∏–π —ñ–∑ –¥–µ—è–∫–∏–º–∏ –º–µ—Ç—Ä–∏–∫–∞–º–∏ (–Ω–∞–ø—Ä–∏–∫–ª–∞–¥, Accuracy –¥–ª—è –∫–ª–∞—Å–∏—Ñ—ñ–∫–∞—Ü—ñ—ó —ñ MSE –¥–ª—è –∑–∞–¥–∞—á —Ä–µ–≥—Ä–µ—Å—ñ—ó)","–°—Ç–∏–∫–∞—é—Å—å –≤–ø–µ—Ä—à–µ, –Ω–µ –ø—Ä–∞—Ü—é–≤–∞–≤ —ñ–∑ –∑–æ–±—Ä–∞–∂–µ–Ω–Ω—è–º–∏","–°—Ç–∏–∫–∞—é—Å—å –≤–ø–µ—Ä—à–µ, –Ω–µ –ø—Ä–∞—Ü—é–≤–∞–≤ —ñ–∑ —Ç–µ–∫—Å—Ç–∞–º–∏","—Ö–æ—Ç—ñ–ª–æ—Å—å –±–∏ –ø–æ—á–∞—Ç–∏ –∑ –±–∞–∑–∏, —â–æ–± –Ω–∞–¥–∞–ª—ñ —Ä–æ–∑–≤–∏–Ω—É—Ç–∏ —Å–≤–æ—ó –Ω–∞–≤–∏—á–∫–∏ –Ω–∞ –º—ñ—Ü–Ω—ñ–π –æ—Å–Ω–æ–≤—ñ)",–ø–æ–∫–∏ –Ω–µ –≤–ø–µ–≤–Ω–µ–Ω–∏–π
2023-09-05 08:28:30.450,"–§–Ü-01, –§–Ü-02","–í–º—ñ—é –Ω–∞–ª–∞—à—Ç–æ–≤—É–≤–∞—Ç–∏ –æ—Ç–æ—á–µ–Ω–Ω—è, –∫–æ—Ä–∏—Å—Ç—É–≤–∞–≤—Å—è jupyter notebook","–í–º—ñ—é –∑–∞–≤–∞–Ω—Ç–∞–∂—É–≤–∞—Ç–∏ –¥–∞–Ω—ñ —É pandas, –∫–æ—Ä–∏—Å—Ç—É–≤–∞—Ç–∏—Å—å –Ω–∏–º–∏ —è–∫ –∑–≤–∏—á–∞–π–Ω–∏–º –º–∞—Å–∏–≤–æ–º","–ö–æ—Ä–∏—Å—Ç—É—é—Å—å –ø–ª–∞—Ç—Ñ–æ—Ä–º–æ—é, –ø–∏—Å–∞–≤ —Ç–∞–º –∫–æ–¥",–ó–Ω–∞—é –ø–æ—Å—Ç–∞–Ω–æ–≤–∫—É –∑–∞–¥–∞—á—ñ —Ç–∞ –∫–æ—Ä–∏—Å—Ç—É—é—Å—å –∫–ª–∞—Å–∞–º–∏ —ñ–∑ sklearn,–ö–æ—Ä–∏—Å—Ç—É—é—Å—å –∫–ª–∞—Å–∞–º–∏ —ñ–∑ sklearn –Ω–∞ –±–∞–∑–æ–≤–∏—Ö –ø–∞—Ä–∞–º–µ—Ç—Ä–∞—Ö,–°—Ç–∏–∫–∞—é—Å—å –≤–ø–µ—Ä—à–µ,–ö–æ—Ä–∏—Å—Ç—É—é—Å—å –∫–ª–∞—Å–∞–º–∏ —ñ–∑ sklearn –Ω–∞ –±–∞–∑–æ–≤–∏—Ö –ø–∞—Ä–∞–º–µ—Ç—Ä–∞—Ö,–°—Ç–∏–∫–∞—é—Å—å –≤–ø–µ—Ä—à–µ,–°—Ç–∏–∫–∞—é—Å—å –≤–ø–µ—Ä—à–µ,–°—Ç–∏–∫–∞—é—Å—å –≤–ø–µ—Ä—à–µ,"–°—Ç–∏–∫–∞—é—Å—å –≤–ø–µ—Ä—à–µ, –Ω–µ –ø—Ä–∞—Ü—é–≤–∞–≤ —ñ–∑ –∑–æ–±—Ä–∞–∂–µ–Ω–Ω—è–º–∏","–°—Ç–∏–∫–∞—é—Å—å –≤–ø–µ—Ä—à–µ, –Ω–µ –ø—Ä–∞—Ü—é–≤–∞–≤ —ñ–∑ —Ç–µ–∫—Å—Ç–∞–º–∏","–•–æ—Ç—ñ–≤ –±–∏ –≤–∏–≤—á–∏—Ç–∏ —Å—Ç–∞—Ç–∏—Å—Ç–∏—á–Ω–µ –º–∞—à–∏–Ω–Ω–µ –Ω–∞–≤—á–∞–Ω–Ω—è, –∞ —Ç–∞–∫–æ–∂ –∞–∑–∏ –Ω–µ–π—Ä–æ–Ω–Ω–∏—Ö –º–µ—Ä–µ–∂",—Ç–∞–∫
2023-09-05 10:31:47.961,"–§–ë-01, –§–ë-02, –§–ë-03, –§–ë-04, –§–ë-05","–í–º—ñ—é –Ω–∞–ª–∞—à—Ç–æ–≤—É–≤–∞—Ç–∏ –æ—Ç–æ—á–µ–Ω–Ω—è, –∫–æ—Ä–∏—Å—Ç—É–≤–∞–≤—Å—è jupyter notebook","–í–º—ñ—é –∑–∞–≤–∞–Ω—Ç–∞–∂—É–≤–∞—Ç–∏ –¥–∞–Ω—ñ —É pandas, –∫–æ—Ä–∏—Å—Ç—É–≤–∞—Ç–∏—Å—å –Ω–∏–º–∏ —è–∫ –∑–≤–∏—á–∞–π–Ω–∏–º –º–∞—Å–∏–≤–æ–º",–°—Ç–∏–∫–∞—é—Å—å –≤–ø–µ—Ä—à–µ,–ó–Ω–∞—é –ø–æ—Å—Ç–∞–Ω–æ–≤–∫—É –∑–∞–¥–∞—á—ñ —Ç–∞ –∫–æ—Ä–∏—Å—Ç—É—é—Å—å –∫–ª–∞—Å–∞–º–∏ —ñ–∑ sklearn,–ö–æ—Ä–∏—Å—Ç—É—é—Å—å –∫–ª–∞—Å–∞–º–∏ —ñ–∑ sklearn –Ω–∞ –±–∞–∑–æ–≤–∏—Ö –ø–∞—Ä–∞–º–µ—Ç—Ä–∞—Ö,–ö–æ—Ä–∏—Å—Ç—É—é—Å—å –∫–ª–∞—Å–∞–º–∏ —ñ–∑ sklearn –Ω–∞ –±–∞–∑–æ–≤–∏—Ö –ø–∞—Ä–∞–º–µ—Ç—Ä–∞—Ö,–°—Ç–∏–∫–∞—é—Å—å –≤–ø–µ—Ä—à–µ,–ö–æ—Ä–∏—Å—Ç—É—é—Å—å –∫–ª–∞—Å–∞–º–∏ —ñ–∑ sklearn/xgboost/lightgbm –Ω–∞ –±–∞–∑–æ–≤–∏—Ö –ø–∞—Ä–∞–º–µ—Ç—Ä–∞—Ö,–°—Ç–∏–∫–∞—é—Å—å –≤–ø–µ—Ä—à–µ,–°—Ç–∏–∫–∞—é—Å—å –≤–ø–µ—Ä—à–µ,"–ó–Ω–∞–π–æ–º–∏–π —ñ–∑ OpenCV (–º–æ–∂—É –∑–∞–≤–∞–Ω—Ç–∞–∂–∏—Ç–∏ –∑–æ–±—Ä–∞–∂–µ–Ω–Ω—è, –≤—ñ–¥–æ–±—Ä–∞–∑–∏—Ç–∏ –π–æ–≥–æ, –∫–æ–Ω–≤–µ—Ä—Ç—É–≤–∞–Ω–Ω—è –∫–æ–ª—å–æ—Ä—ñ–≤ —Ç–æ—â–æ)","–ú–æ–∂—É –ø—Ä–∞—Ü—é–≤–∞—Ç–∏ –∑ —Ç–µ–∫—Å—Ç–∞–º–∏ –Ω–∞ —Ä—ñ–≤–Ω—ñ –±–∞–∑–æ–≤–æ—ó –±—ñ–±–ª—ñ–æ—Ç–µ–∫–∏ (–≤—Ö–æ–¥–∂–µ–Ω–Ω—è, –≤–µ–ª–∏–∫—ñ/–º–∞–ª—ñ –ª—ñ—Ç–µ—Ä–∏, –ø—Ä–æ—Å—Ç—ñ –æ–ø–µ—Ä–∞—Ü—ñ—ó)",–ü–æ–∫—Ä–∞—â–∏—Ç–∏ —Å–≤–æ—ó –∑–Ω–∞—Ç—Ç—è),—Ç–∞–∫
2023-09-05 14:14:52.686,"–§–ë-01, –§–ë-02, –§–ë-03, –§–ë-04, –§–ë-05","–í–º—ñ—é –Ω–∞–ª–∞—à—Ç–æ–≤—É–≤–∞—Ç–∏ –æ—Ç–æ—á–µ–Ω–Ω—è, –∫–æ—Ä–∏—Å—Ç—É–≤–∞–≤—Å—è jupyter notebook","–í–º—ñ—é –ø–∏—Å–∞—Ç–∏ –∑—Ä—ñ–∑–∏ –ø–æ —Ç–∞–±–ª–∏—Ü—è–º, —ñ—Ç–µ—Ä—É–≤–∞—Ç–∏—Å—è –ø–æ –Ω–∏–º, –±—É–¥—É–≤–∞—Ç–∏ —Å—Ç–∞—Ç–∏—Å—Ç–∏–∫—É, –≥—Ä–∞—Ñ—ñ–∫–∏ —Ç–æ—â–æ",–°—Ç–∏–∫–∞—é—Å—å –≤–ø–µ—Ä—à–µ,–ó–Ω–∞—é –ø–æ—Å—Ç–∞–Ω–æ–≤–∫—É –∑–∞–¥–∞—á—ñ —Ç–∞ –∫–æ—Ä–∏—Å—Ç—É—é—Å—å –∫–ª–∞—Å–∞–º–∏ —ñ–∑ sklearn,–ö–æ—Ä–∏—Å—Ç—É—é—Å—å –∫–ª–∞—Å–∞–º–∏ —ñ–∑ sklearn –Ω–∞ –±–∞–∑–æ–≤–∏—Ö –ø–∞—Ä–∞–º–µ—Ç—Ä–∞—Ö,–ö–æ—Ä–∏—Å—Ç—É—é—Å—å –∫–ª–∞—Å–∞–º–∏ —ñ–∑ sklearn –Ω–∞ –±–∞–∑–æ–≤–∏—Ö –ø–∞—Ä–∞–º–µ—Ç—Ä–∞—Ö,–ö–æ—Ä–∏—Å—Ç—É—é—Å—å –∫–ª–∞—Å–∞–º–∏ —ñ–∑ sklearn –Ω–∞ –±–∞–∑–æ–≤–∏—Ö –ø–∞—Ä–∞–º–µ—Ç—Ä–∞—Ö,–°—Ç–∏–∫–∞—é—Å—å –≤–ø–µ—Ä—à–µ,"–ó–Ω–∞–π–æ–º–∏–π —ñ–∑ –ø–µ—Ä—Ü–µ–ø—Ç—Ä–æ–Ω–æ–º, –º–æ–∂—É –∫–æ—Ä–∏—Å—Ç—É–≤–∞—Ç–∏—Å—å MLP —ñ–∑ sklearn",–°—Ç–∏–∫–∞—é—Å—å –≤–ø–µ—Ä—à–µ,"–°—Ç–∏–∫–∞—é—Å—å –≤–ø–µ—Ä—à–µ, –Ω–µ –ø—Ä–∞—Ü—é–≤–∞–≤ —ñ–∑ –∑–æ–±—Ä–∞–∂–µ–Ω–Ω—è–º–∏","–°—Ç–∏–∫–∞—é—Å—å –≤–ø–µ—Ä—à–µ, –Ω–µ –ø—Ä–∞—Ü—é–≤–∞–≤ —ñ–∑ —Ç–µ–∫—Å—Ç–∞–º–∏","–•–æ—á—É —Ä–æ–∑—ñ–±—Ä–∞—Ç–∏—Å—å –≤ —Ç–µ–º—ñ –Ω–∞—Å—Ç—ñ–ª—å–∫–∏, —â–æ–± —è –º—ñ–≥ –ø–∏—Å–∞—Ç–∏ –®–Ü –Ω–∞ –±—É–¥—å-—è–∫–∏–π –≤–∏–ø–∞–¥–æ–∫ –∂–∏—Ç—Ç—è. ",–ø–æ–∫–∏ –Ω–µ –≤–ø–µ–≤–Ω–µ–Ω–∏–π
2023-09-05 21:58:12.874,"–§–§-01, –§–§-03","–í–º—ñ—é –Ω–∞–ª–∞—à—Ç–æ–≤—É–≤–∞—Ç–∏ –æ—Ç–æ—á–µ–Ω–Ω—è, –∫–æ—Ä–∏—Å—Ç—É–≤–∞–≤—Å—è jupyter notebook","–í–º—ñ—é –∑–∞–≤–∞–Ω—Ç–∞–∂—É–≤–∞—Ç–∏ –¥–∞–Ω—ñ —É pandas, –∫–æ—Ä–∏—Å—Ç—É–≤–∞—Ç–∏—Å—å –Ω–∏–º–∏ —è–∫ –∑–≤–∏—á–∞–π–Ω–∏–º –º–∞—Å–∏–≤–æ–º","–ö–æ—Ä–∏—Å—Ç—É—é—Å—å –ø–ª–∞—Ç—Ñ–æ—Ä–º–æ—é, –ø–∏—à—É –∫–æ–¥ —Ä–µ–≥—É–ª—è—Ä–Ω–æ, –≤–º—ñ—é —à—É–∫–∞—Ç–∏ –¥–∞—Ç–∞—Å–µ—Ç–∏, –±–µ—Ä—É —É—á–∞—Å—Ç—å –≤ –∑–º–∞–≥–∞–Ω–Ω—è—Ö (Kaggle)",–°—Ç–∏–∫–∞—é—Å—å –≤–ø–µ—Ä—à–µ,–û—Ä—ñ—î–Ω—Ç—É—é—Å—å –≤ –ø–∞—Ä–∞–º–µ—Ç—Ä–∞—Ö –∞–ª–≥–æ—Ä–∏—Ç–º—É —Ç–∞ –º–æ–∂—É —ó—Ö —Ä–µ–≥—É–ª—é–≤–∞—Ç–∏ –≤—ñ–¥–ø–æ–≤—ñ–¥–Ω–æ –¥–æ –∑–∞–¥–∞—á—ñ,"–†–æ–∑—É–º—ñ—é –∞–ª–≥–æ—Ä–∏—Ç–º, –º–æ–∂—É —Ä–µ–∞–ª—ñ–∑—É–≤–∞—Ç–∏ ""from scratch""",–û—Ä—ñ—î–Ω—Ç—É—é—Å—å –≤ –ø–∞—Ä–∞–º–µ—Ç—Ä–∞—Ö –∞–ª–≥–æ—Ä–∏—Ç–º—É —Ç–∞ –º–æ–∂—É —ó—Ö —Ä–µ–≥—É–ª—é–≤–∞—Ç–∏ –≤—ñ–¥–ø–æ–≤—ñ–¥–Ω–æ –¥–æ –∑–∞–¥–∞—á—ñ,–ö–æ—Ä–∏—Å—Ç—É—é—Å—å –∫–ª–∞—Å–∞–º–∏ —ñ–∑ sklearn/xgboost/lightgbm –Ω–∞ –±–∞–∑–æ–≤–∏—Ö –ø–∞—Ä–∞–º–µ—Ç—Ä–∞—Ö,"–ó–Ω–∞–π–æ–º–∏–π —ñ–∑ —Ñ—Ä–µ–π–º–≤–æ—Ä–∫–∞–º–∏ –¥–ª—è DL (Pytorch, Tensorflow), –º–æ–∂—É –∫–æ—Ä–∏—Å—Ç—É–≤–∞—Ç–∏—Å—å –Ω–∞–≤—á–µ–Ω–∏–º–∏ –º–µ—Ä–µ–∂–∞–º–∏","–†–æ–∑—É–º—ñ—é –±—ñ–ª—å—à —Å–∫–ª–∞–¥–Ω—ñ –º–µ—Ç—Ä–∏–∫–∏ Precision/Recall, ROC-AUC, –º–æ–∂—É —Ä–µ–≥—É–ª—é–≤–∞—Ç–∏ –ø–æ–≤–µ–¥—ñ–Ω–∫—É –∞–ª–≥–æ—Ä–∏—Ç–º—É –ø—ñ–¥ —Ä—ñ–∑–Ω—ñ —Ç–∏–ø–∏ –ø–æ–º–∏–ª–æ–∫","–ó–Ω–∞–π–æ–º–∏–π —ñ–∑ OpenCV (–º–æ–∂—É –∑–∞–≤–∞–Ω—Ç–∞–∂–∏—Ç–∏ –∑–æ–±—Ä–∞–∂–µ–Ω–Ω—è, –≤—ñ–¥–æ–±—Ä–∞–∑–∏—Ç–∏ –π–æ–≥–æ, –∫–æ–Ω–≤–µ—Ä—Ç—É–≤–∞–Ω–Ω—è –∫–æ–ª—å–æ—Ä—ñ–≤ —Ç–æ—â–æ)","–ó–Ω–∞—é –ø—Ä–æ –ø—ñ–¥—Ö–æ–¥–∏ ""bag-of-words"", ""TF-IDF"", —Ç–∞–∫–æ–∂ —Ä–µ–≥—É–ª—è—Ä–Ω—ñ –≤–∏—Ä–∞–∑–∏",–ü—Ä–æ–±–∏–π—Ç–µ,—Ç–∞–∫
2023-09-06 11:41:59.244,"–§–Ü-03, –§–Ü-04","–í–º—ñ—é –Ω–∞–ª–∞—à—Ç–æ–≤—É–≤–∞—Ç–∏ –æ—Ç–æ—á–µ–Ω–Ω—è, –∫–æ—Ä–∏—Å—Ç—É–≤–∞–≤—Å—è jupyter notebook","–í–º—ñ—é –ø–∏—Å–∞—Ç–∏ –∑—Ä—ñ–∑–∏ –ø–æ —Ç–∞–±–ª–∏—Ü—è–º, —ñ—Ç–µ—Ä—É–≤–∞—Ç–∏—Å—è –ø–æ –Ω–∏–º, –±—É–¥—É–≤–∞—Ç–∏ —Å—Ç–∞—Ç–∏—Å—Ç–∏–∫—É, –≥—Ä–∞—Ñ—ñ–∫–∏ —Ç–æ—â–æ","–ö–æ—Ä–∏—Å—Ç—É—é—Å—å –ø–ª–∞—Ç—Ñ–æ—Ä–º–æ—é, –ø–∏—Å–∞–≤ —Ç–∞–º –∫–æ–¥",–ó–Ω–∞—é –ø–æ—Å—Ç–∞–Ω–æ–≤–∫—É –∑–∞–¥–∞—á—ñ —Ç–∞ –∫–æ—Ä–∏—Å—Ç—É—é—Å—å –∫–ª–∞—Å–∞–º–∏ —ñ–∑ sklearn,–ö–æ—Ä–∏—Å—Ç—É—é—Å—å –∫–ª–∞—Å–∞–º–∏ —ñ–∑ sklearn –Ω–∞ –±–∞–∑–æ–≤–∏—Ö –ø–∞—Ä–∞–º–µ—Ç—Ä–∞—Ö,–°—Ç–∏–∫–∞—é—Å—å –≤–ø–µ—Ä—à–µ,–ö–æ—Ä–∏—Å—Ç—É—é—Å—å –∫–ª–∞—Å–∞–º–∏ —ñ–∑ sklearn –Ω–∞ –±–∞–∑–æ–≤–∏—Ö –ø–∞—Ä–∞–º–µ—Ç—Ä–∞—Ö,–°—Ç–∏–∫–∞—é—Å—å –≤–ø–µ—Ä—à–µ,–°—Ç–∏–∫–∞—é—Å—å –≤–ø–µ—Ä—à–µ,"–ó–Ω–∞–π–æ–º–∏–π —ñ–∑ –¥–µ—è–∫–∏–º–∏ –º–µ—Ç—Ä–∏–∫–∞–º–∏ (–Ω–∞–ø—Ä–∏–∫–ª–∞–¥, Accuracy –¥–ª—è –∫–ª–∞—Å–∏—Ñ—ñ–∫–∞—Ü—ñ—ó —ñ MSE –¥–ª—è –∑–∞–¥–∞—á —Ä–µ–≥—Ä–µ—Å—ñ—ó)","–°—Ç–∏–∫–∞—é—Å—å –≤–ø–µ—Ä—à–µ, –Ω–µ –ø—Ä–∞—Ü—é–≤–∞–≤ —ñ–∑ –∑–æ–±—Ä–∞–∂–µ–Ω–Ω—è–º–∏","–°—Ç–∏–∫–∞—é—Å—å –≤–ø–µ—Ä—à–µ, –Ω–µ –ø—Ä–∞—Ü—é–≤–∞–≤ —ñ–∑ —Ç–µ–∫—Å—Ç–∞–º–∏",–¶—ñ–∫–∞–≤–∏—Ç—å —Ç–µ—Ö–Ω–æ–ª–æ–≥—ñ—è –∫–æ–º–ø'—é—Ç–µ—Ä–Ω–æ–≥–æ –∑–æ—Ä—É,–ø–æ–∫–∏ –Ω–µ –≤–ø–µ–≤–Ω–µ–Ω–∏–π
2023-09-06 11:46:24.546,"–§–ë-01, –§–ë-02, –§–ë-03, –§–ë-04, –§–ë-05",–ü–∏—Å–∞–≤ –ª–∞–±–∫–∏ –Ω–∞ Python –Ω–∞ —ñ–Ω—à–∏—Ö –ø—Ä–µ–¥–º–µ—Ç–∞—Ö,–°—Ç–∏–∫–∞—é—Å—å –≤–ø–µ—Ä—à–µ,–°—Ç–∏–∫–∞—é—Å—å –≤–ø–µ—Ä—à–µ,–°—Ç–∏–∫–∞—é—Å—å –≤–ø–µ—Ä—à–µ,–°—Ç–∏–∫–∞—é—Å—å –≤–ø–µ—Ä—à–µ,–°—Ç–∏–∫–∞—é—Å—å –≤–ø–µ—Ä—à–µ,–°—Ç–∏–∫–∞—é—Å—å –≤–ø–µ—Ä—à–µ,–°—Ç–∏–∫–∞—é—Å—å –≤–ø–µ—Ä—à–µ,–°—Ç–∏–∫–∞—é—Å—å –≤–ø–µ—Ä—à–µ,–°—Ç–∏–∫–∞—é—Å—å –≤–ø–µ—Ä—à–µ,"–°—Ç–∏–∫–∞—é—Å—å –≤–ø–µ—Ä—à–µ, –Ω–µ –ø—Ä–∞—Ü—é–≤–∞–≤ —ñ–∑ –∑–æ–±—Ä–∞–∂–µ–Ω–Ω—è–º–∏","–°—Ç–∏–∫–∞—é—Å—å –≤–ø–µ—Ä—à–µ, –Ω–µ –ø—Ä–∞—Ü—é–≤–∞–≤ —ñ–∑ —Ç–µ–∫—Å—Ç–∞–º–∏",–£—Å–µ,–Ω—ñ
2023-09-06 11:47:06.580,"–§–ë-01, –§–ë-02, –§–ë-03, –§–ë-04, –§–ë-05","–í–º—ñ—é –Ω–∞–ª–∞—à—Ç–æ–≤—É–≤–∞—Ç–∏ –æ—Ç–æ—á–µ–Ω–Ω—è, –∫–æ—Ä–∏—Å—Ç—É–≤–∞–≤—Å—è jupyter notebook","–í–º—ñ—é –ø–∏—Å–∞—Ç–∏ –∑—Ä—ñ–∑–∏ –ø–æ —Ç–∞–±–ª–∏—Ü—è–º, —ñ—Ç–µ—Ä—É–≤–∞—Ç–∏—Å—è –ø–æ –Ω–∏–º, –±—É–¥—É–≤–∞—Ç–∏ —Å—Ç–∞—Ç–∏—Å—Ç–∏–∫—É, –≥—Ä–∞—Ñ—ñ–∫–∏ —Ç–æ—â–æ","–ö–æ—Ä–∏—Å—Ç—É—é—Å—å –ø–ª–∞—Ç—Ñ–æ—Ä–º–æ—é, –ø–∏—Å–∞–≤ —Ç–∞–º –∫–æ–¥",–°—Ç–∏–∫–∞—é—Å—å –≤–ø–µ—Ä—à–µ,–ö–æ—Ä–∏—Å—Ç—É—é—Å—å –∫–ª–∞—Å–∞–º–∏ —ñ–∑ sklearn –Ω–∞ –±–∞–∑–æ–≤–∏—Ö –ø–∞—Ä–∞–º–µ—Ç—Ä–∞—Ö,–ö–æ—Ä–∏—Å—Ç—É—é—Å—å –∫–ª–∞—Å–∞–º–∏ —ñ–∑ sklearn –Ω–∞ –±–∞–∑–æ–≤–∏—Ö –ø–∞—Ä–∞–º–µ—Ç—Ä–∞—Ö,–ö–æ—Ä–∏—Å—Ç—É—é—Å—å –∫–ª–∞—Å–∞–º–∏ —ñ–∑ sklearn –Ω–∞ –±–∞–∑–æ–≤–∏—Ö –ø–∞—Ä–∞–º–µ—Ç—Ä–∞—Ö,–°—Ç–∏–∫–∞—é—Å—å –≤–ø–µ—Ä—à–µ,–°—Ç–∏–∫–∞—é—Å—å –≤–ø–µ—Ä—à–µ,"–ó–Ω–∞–π–æ–º–∏–π —ñ–∑ –¥–µ—è–∫–∏–º–∏ –º–µ—Ç—Ä–∏–∫–∞–º–∏ (–Ω–∞–ø—Ä–∏–∫–ª–∞–¥, Accuracy –¥–ª—è –∫–ª–∞—Å–∏—Ñ—ñ–∫–∞—Ü—ñ—ó —ñ MSE –¥–ª—è –∑–∞–¥–∞—á —Ä–µ–≥—Ä–µ—Å—ñ—ó)","–ó–Ω–∞–π–æ–º–∏–π —ñ–∑ OpenCV (–º–æ–∂—É –∑–∞–≤–∞–Ω—Ç–∞–∂–∏—Ç–∏ –∑–æ–±—Ä–∞–∂–µ–Ω–Ω—è, –≤—ñ–¥–æ–±—Ä–∞–∑–∏—Ç–∏ –π–æ–≥–æ, –∫–æ–Ω–≤–µ—Ä—Ç—É–≤–∞–Ω–Ω—è –∫–æ–ª—å–æ—Ä—ñ–≤ —Ç–æ—â–æ)","–ú–æ–∂—É –ø—Ä–∞—Ü—é–≤–∞—Ç–∏ –∑ —Ç–µ–∫—Å—Ç–∞–º–∏ –Ω–∞ —Ä—ñ–≤–Ω—ñ –±–∞–∑–æ–≤–æ—ó –±—ñ–±–ª—ñ–æ—Ç–µ–∫–∏ (–≤—Ö–æ–¥–∂–µ–Ω–Ω—è, –≤–µ–ª–∏–∫—ñ/–º–∞–ª—ñ –ª—ñ—Ç–µ—Ä–∏, –ø—Ä–æ—Å—Ç—ñ –æ–ø–µ—Ä–∞—Ü—ñ—ó)","–•–æ—Ç—ñ–≤ –±–∏ –ø–æ–≥–ª–∏–±–∏—Ç–∏ —Å–≤–æ—ó –∑–Ω–∞–Ω–Ω—è —É —Ä–æ–±–æ—Ç—ñ –∑ –¥–∞–Ω–∏–º–∏, —ó—Ö –æ–±—Ä–æ–±–∫–æ—é, —Ç—Ä–æ—Ö–∏ –±—ñ–ª—å—à–µ —Ä–æ–∑—ñ–±—Ä–∞—Ç–∏—Å—å –∑ opencv –Ω—É —ñ –≤–∑–∞–≥–∞–ª—å–Ω–æ–º—É –∑–∞—á–µ–ø–∏—Ç–∏ —â–æ—Å—å –Ω–æ–≤–µ –∑ –ø—Ä–æ–≥—Ä–∞–º—É–≤–∞–Ω–Ω—è :)",–ø–æ–∫–∏ –Ω–µ –≤–ø–µ–≤–Ω–µ–Ω–∏–π
2023-09-06 11:49:00.846,"–§–Ü-03, –§–Ü-04","–í–º—ñ—é –Ω–∞–ª–∞—à—Ç–æ–≤—É–≤–∞—Ç–∏ –æ—Ç–æ—á–µ–Ω–Ω—è, –∫–æ—Ä–∏—Å—Ç—É–≤–∞–≤—Å—è jupyter notebook","–í–º—ñ—é –ø–∏—Å–∞—Ç–∏ –∑—Ä—ñ–∑–∏ –ø–æ —Ç–∞–±–ª–∏—Ü—è–º, —ñ—Ç–µ—Ä—É–≤–∞—Ç–∏—Å—è –ø–æ –Ω–∏–º, –±—É–¥—É–≤–∞—Ç–∏ —Å—Ç–∞—Ç–∏—Å—Ç–∏–∫—É, –≥—Ä–∞—Ñ—ñ–∫–∏ —Ç–æ—â–æ","–ö–æ—Ä–∏—Å—Ç—É—é—Å—å –ø–ª–∞—Ç—Ñ–æ—Ä–º–æ—é, –ø–∏—Å–∞–≤ —Ç–∞–º –∫–æ–¥",–ó–Ω–∞—é –ø–æ—Å—Ç–∞–Ω–æ–≤–∫—É –∑–∞–¥–∞—á—ñ —Ç–∞ –∫–æ—Ä–∏—Å—Ç—É—é—Å—å –∫–ª–∞—Å–∞–º–∏ —ñ–∑ sklearn,–û—Ä—ñ—î–Ω—Ç—É—é—Å—å –≤ –ø–∞—Ä–∞–º–µ—Ç—Ä–∞—Ö –∞–ª–≥–æ—Ä–∏—Ç–º—É —Ç–∞ –º–æ–∂—É —ó—Ö —Ä–µ–≥—É–ª—é–≤–∞—Ç–∏ –≤—ñ–¥–ø–æ–≤—ñ–¥–Ω–æ –¥–æ –∑–∞–¥–∞—á—ñ,–°—Ç–∏–∫–∞—é—Å—å –≤–ø–µ—Ä—à–µ,–ö–æ—Ä–∏—Å—Ç—É—é—Å—å –∫–ª–∞—Å–∞–º–∏ —ñ–∑ sklearn –Ω–∞ –±–∞–∑–æ–≤–∏—Ö –ø–∞—Ä–∞–º–µ—Ç—Ä–∞—Ö,–°—Ç–∏–∫–∞—é—Å—å –≤–ø–µ—Ä—à–µ,–°—Ç–∏–∫–∞—é—Å—å –≤–ø–µ—Ä—à–µ,–°—Ç–∏–∫–∞—é—Å—å –≤–ø–µ—Ä—à–µ,"–°—Ç–∏–∫–∞—é—Å—å –≤–ø–µ—Ä—à–µ, –Ω–µ –ø—Ä–∞—Ü—é–≤–∞–≤ —ñ–∑ –∑–æ–±—Ä–∞–∂–µ–Ω–Ω—è–º–∏","–°—Ç–∏–∫–∞—é—Å—å –≤–ø–µ—Ä—à–µ, –Ω–µ –ø—Ä–∞—Ü—é–≤–∞–≤ —ñ–∑ —Ç–µ–∫—Å—Ç–∞–º–∏",–ü–æ–≥–ª–∏–±–∏—Ç–∏ –∑–Ω–∞–Ω–Ω—è —É –æ–±–ª–∞—Å—Ç—ñ –º–∞—à–∏–Ω–Ω–æ–≥–æ –Ω–∞–≤—á–∞–Ω–Ω—è,—Ç–∞–∫
2023-09-06 11:49:39.966,"–§–ë-01, –§–ë-02, –§–ë-03, –§–ë-04, –§–ë-05","–í–º—ñ—é –Ω–∞–ª–∞—à—Ç–æ–≤—É–≤–∞—Ç–∏ –æ—Ç–æ—á–µ–Ω–Ω—è, –∫–æ—Ä–∏—Å—Ç—É–≤–∞–≤—Å—è jupyter notebook","–í–º—ñ—é –ø–∏—Å–∞—Ç–∏ –∑—Ä—ñ–∑–∏ –ø–æ —Ç–∞–±–ª–∏—Ü—è–º, —ñ—Ç–µ—Ä—É–≤–∞—Ç–∏—Å—è –ø–æ –Ω–∏–º, –±—É–¥—É–≤–∞—Ç–∏ —Å—Ç–∞—Ç–∏—Å—Ç–∏–∫—É, –≥—Ä–∞—Ñ—ñ–∫–∏ —Ç–æ—â–æ",–°—Ç–∏–∫–∞—é—Å—å –≤–ø–µ—Ä—à–µ,–ó–Ω–∞—é –ø–æ—Å—Ç–∞–Ω–æ–≤–∫—É –∑–∞–¥–∞—á—ñ —Ç–∞ –∫–æ—Ä–∏—Å—Ç—É—é—Å—å –∫–ª–∞—Å–∞–º–∏ —ñ–∑ sklearn,–ö–æ—Ä–∏—Å—Ç—É—é—Å—å –∫–ª–∞—Å–∞–º–∏ —ñ–∑ sklearn –Ω–∞ –±–∞–∑–æ–≤–∏—Ö –ø–∞—Ä–∞–º–µ—Ç—Ä–∞—Ö,–û—Ä—ñ—î–Ω—Ç—É—é—Å—å –≤ –ø–∞—Ä–∞–º–µ—Ç—Ä–∞—Ö –∞–ª–≥–æ—Ä–∏—Ç–º—É —Ç–∞ –º–æ–∂—É —ó—Ö —Ä–µ–≥—É–ª—é–≤–∞—Ç–∏ –≤—ñ–¥–ø–æ–≤—ñ–¥–Ω–æ –¥–æ –∑–∞–¥–∞—á—ñ,–°—Ç–∏–∫–∞—é—Å—å –≤–ø–µ—Ä—à–µ,–ö–æ—Ä–∏—Å—Ç—É—é—Å—å –∫–ª–∞—Å–∞–º–∏ —ñ–∑ sklearn/xgboost/lightgbm –Ω–∞ –±–∞–∑–æ–≤–∏—Ö –ø–∞—Ä–∞–º–µ—Ç—Ä–∞—Ö,"–ó–Ω–∞–π–æ–º–∏–π —ñ–∑ —Ñ—Ä–µ–π–º–≤–æ—Ä–∫–∞–º–∏ –¥–ª—è DL (Pytorch, Tensorflow), –º–æ–∂—É –∫–æ—Ä–∏—Å—Ç—É–≤–∞—Ç–∏—Å—å –Ω–∞–≤—á–µ–Ω–∏–º–∏ –º–µ—Ä–µ–∂–∞–º–∏",–°—Ç–∏–∫–∞—é—Å—å –≤–ø–µ—Ä—à–µ,–ú–æ–∂—É –≤–∏–∫–æ—Ä–∏—Å—Ç–æ–≤—É–≤–∞—Ç–∏ OpenCV —ñ DL —Ñ—Ä–µ–π–º–≤–æ—Ä–∫–∏ –≤ –∫–æ–º–±—ñ–Ω–∞—Ü—ñ—ó –¥–ª—è —Ä–æ–∑–≤'—è–∑–∞–Ω–Ω—è –±—ñ–ª—å—à —Å–∫–ª–∞–¥–Ω–∏—Ö –∑–∞–¥–∞—á,"–ú–æ–∂—É –ø—Ä–∞—Ü—é–≤–∞—Ç–∏ –∑ —Ç–µ–∫—Å—Ç–∞–º–∏ –Ω–∞ —Ä—ñ–≤–Ω—ñ –±–∞–∑–æ–≤–æ—ó –±—ñ–±–ª—ñ–æ—Ç–µ–∫–∏ (–≤—Ö–æ–¥–∂–µ–Ω–Ω—è, –≤–µ–ª–∏–∫—ñ/–º–∞–ª—ñ –ª—ñ—Ç–µ—Ä–∏, –ø—Ä–æ—Å—Ç—ñ –æ–ø–µ—Ä–∞—Ü—ñ—ó)","tensorflow, computer vision. –ë—Ä–∞–≤ —É—á–∞—Å—Ç—å —É –ø—Ä–æ–µ–∫—Ç—ñ –ø–æ –º–∞—à–∏–Ω–Ω–æ–º—É –Ω–∞–≤—á–∞–Ω–Ω—é –Ω–∞ —Å—É–ø—É—Ç–Ω–∏–∫–æ–≤–∏—Ö –¥–∞–Ω–∏—Ö (–Ω–∞–≤—á–∞–Ω–Ω—è –º–æ–¥–µ–ª—ñ —ñ–¥–µ–Ω—Ç–∏—Ñ—ñ–∫—É–≤–∞—Ç–∏ –æ–±'—î–∫—Ç–∏ –∑–µ–º–Ω–æ—ó –ø–æ–≤–µ—Ä—Ö–Ω—ñ). –ú–æ—î—é –º–æ—Ç–∏–≤–∞—Ü—ñ—î—é –¥–ª—è –æ–±—Ä–∞–Ω–Ω—è —Ü—å–æ–≥–æ –∫—É—Ä—Å—É –±—É–ª–æ –±–∞–∂–∞–Ω–Ω—è –¥—ñ–∑–Ω–∞—Ç–∏—Å—è –±—ñ–ª—å—à–µ –ø—Ä–æ –º–∞—à–∏–Ω–Ω–µ –Ω–∞–≤—á–∞–Ω–Ω—è —Ç–∞ –Ω–∞–≤—á–∏—Ç–∏—Å—è –π–æ–≥–æ —ñ–Ω—Ç–µ–≥—Ä–∞—Ü—ñ—ó —É –∫–æ–Ω—Ç–µ–∫—Å—Ç—ñ –∫—ñ–±–µ—Ä–±–µ–∑–ø–µ–∫–∏ —Ç–∞ —Ä–æ–∑–≤—ñ–¥–∫–∏.",—Ç–∞–∫
2023-09-06 11:50:38.825,"–§–ë-01, –§–ë-02, –§–ë-03, –§–ë-04, –§–ë-05",–ü–∏—Å–∞–≤ –ª–∞–±–∫–∏ –Ω–∞ Python –Ω–∞ —ñ–Ω—à–∏—Ö –ø—Ä–µ–¥–º–µ—Ç–∞—Ö,"–í–º—ñ—é –∑–∞–≤–∞–Ω—Ç–∞–∂—É–≤–∞—Ç–∏ –¥–∞–Ω—ñ —É pandas, –∫–æ—Ä–∏—Å—Ç—É–≤–∞—Ç–∏—Å—å –Ω–∏–º–∏ —è–∫ –∑–≤–∏—á–∞–π–Ω–∏–º –º–∞—Å–∏–≤–æ–º","–ö–æ—Ä–∏—Å—Ç—É—é—Å—å –ø–ª–∞—Ç—Ñ–æ—Ä–º–æ—é, –ø–∏—Å–∞–≤ —Ç–∞–º –∫–æ–¥",–°—Ç–∏–∫–∞—é—Å—å –≤–ø–µ—Ä—à–µ,–ö–æ—Ä–∏—Å—Ç—É—é—Å—å –∫–ª–∞—Å–∞–º–∏ —ñ–∑ sklearn –Ω–∞ –±–∞–∑–æ–≤–∏—Ö –ø–∞—Ä–∞–º–µ—Ç—Ä–∞—Ö,–ö–æ—Ä–∏—Å—Ç—É—é—Å—å –∫–ª–∞—Å–∞–º–∏ —ñ–∑ sklearn –Ω–∞ –±–∞–∑–æ–≤–∏—Ö –ø–∞—Ä–∞–º–µ—Ç—Ä–∞—Ö,–ö–æ—Ä–∏—Å—Ç—É—é—Å—å –∫–ª–∞—Å–∞–º–∏ —ñ–∑ sklearn –Ω–∞ –±–∞–∑–æ–≤–∏—Ö –ø–∞—Ä–∞–º–µ—Ç—Ä–∞—Ö,–°—Ç–∏–∫–∞—é—Å—å –≤–ø–µ—Ä—à–µ,–°—Ç–∏–∫–∞—é—Å—å –≤–ø–µ—Ä—à–µ,–°—Ç–∏–∫–∞—é—Å—å –≤–ø–µ—Ä—à–µ,"–°—Ç–∏–∫–∞—é—Å—å –≤–ø–µ—Ä—à–µ, –Ω–µ –ø—Ä–∞—Ü—é–≤–∞–≤ —ñ–∑ –∑–æ–±—Ä–∞–∂–µ–Ω–Ω—è–º–∏","–°—Ç–∏–∫–∞—é—Å—å –≤–ø–µ—Ä—à–µ, –Ω–µ –ø—Ä–∞—Ü—é–≤–∞–≤ —ñ–∑ —Ç–µ–∫—Å—Ç–∞–º–∏","–ù–µ–π—Ä–æ–Ω–Ω—ñ –º–µ—Ä–µ–∂—ñ, –∫–æ–º–ø'—é—Ç–µ—Ä–Ω–∏–π –∑—ñ—Ä, NLP",–ø–æ–∫–∏ –Ω–µ –≤–ø–µ–≤–Ω–µ–Ω–∏–π
2023-09-06 13:27:12.458,"–§–Ü-01, –§–Ü-02","–í–º—ñ—é –Ω–∞–ª–∞—à—Ç–æ–≤—É–≤–∞—Ç–∏ –æ—Ç–æ—á–µ–Ω–Ω—è, –∫–æ—Ä–∏—Å—Ç—É–≤–∞–≤—Å—è jupyter notebook","–í–º—ñ—é –ø–∏—Å–∞—Ç–∏ –∑—Ä—ñ–∑–∏ –ø–æ —Ç–∞–±–ª–∏—Ü—è–º, —ñ—Ç–µ—Ä—É–≤–∞—Ç–∏—Å—è –ø–æ –Ω–∏–º, –±—É–¥—É–≤–∞—Ç–∏ —Å—Ç–∞—Ç–∏—Å—Ç–∏–∫—É, –≥—Ä–∞—Ñ—ñ–∫–∏ —Ç–æ—â–æ","–ö–æ—Ä–∏—Å—Ç—É—é—Å—å –ø–ª–∞—Ç—Ñ–æ—Ä–º–æ—é, –ø–∏—Å–∞–≤ —Ç–∞–º –∫–æ–¥",–ó–Ω–∞—é –ø–æ—Å—Ç–∞–Ω–æ–≤–∫—É –∑–∞–¥–∞—á—ñ —Ç–∞ –∫–æ—Ä–∏—Å—Ç—É—é—Å—å –∫–ª–∞—Å–∞–º–∏ —ñ–∑ sklearn,"–†–æ–∑—É–º—ñ—é –∞–ª–≥–æ—Ä–∏—Ç–º, –º–æ–∂—É —Ä–µ–∞–ª—ñ–∑—É–≤–∞—Ç–∏ ""from scratch""",–û—Ä—ñ—î–Ω—Ç—É—é—Å—å –≤ –ø–∞—Ä–∞–º–µ—Ç—Ä–∞—Ö –∞–ª–≥–æ—Ä–∏—Ç–º—É —Ç–∞ –º–æ–∂—É —ó—Ö —Ä–µ–≥—É–ª—é–≤–∞—Ç–∏ –≤—ñ–¥–ø–æ–≤—ñ–¥–Ω–æ –¥–æ –∑–∞–¥–∞—á—ñ,–û—Ä—ñ—î–Ω—Ç—É—é—Å—å –≤ –ø–∞—Ä–∞–º–µ—Ç—Ä–∞—Ö –∞–ª–≥–æ—Ä–∏—Ç–º—É —Ç–∞ –º–æ–∂—É —ó—Ö —Ä–µ–≥—É–ª—é–≤–∞—Ç–∏ –≤—ñ–¥–ø–æ–≤—ñ–¥–Ω–æ –¥–æ –∑–∞–¥–∞—á—ñ,–û—Ä—ñ—î–Ω—Ç—É—é—Å—å –≤ –ø–∞—Ä–∞–º–µ—Ç—Ä–∞—Ö –∞–ª–≥–æ—Ä–∏—Ç–º—É —Ç–∞ –º–æ–∂—É —ó—Ö —Ä–µ–≥—É–ª—é–≤–∞—Ç–∏ –≤—ñ–¥–ø–æ–≤—ñ–¥–Ω–æ –¥–æ –∑–∞–¥–∞—á—ñ,"–ó–Ω–∞–π–æ–º–∏–π —ñ–∑ —Ñ—Ä–µ–π–º–≤–æ—Ä–∫–∞–º–∏ –¥–ª—è DL (Pytorch, Tensorflow), –º–æ–∂—É –∫–æ—Ä–∏—Å—Ç—É–≤–∞—Ç–∏—Å—å –Ω–∞–≤—á–µ–Ω–∏–º–∏ –º–µ—Ä–µ–∂–∞–º–∏","–†–æ–∑—É–º—ñ—é –±—ñ–ª—å—à —Å–∫–ª–∞–¥–Ω—ñ –º–µ—Ç—Ä–∏–∫–∏ Precision/Recall, ROC-AUC, –º–æ–∂—É —Ä–µ–≥—É–ª—é–≤–∞—Ç–∏ –ø–æ–≤–µ–¥—ñ–Ω–∫—É –∞–ª–≥–æ—Ä–∏—Ç–º—É –ø—ñ–¥ —Ä—ñ–∑–Ω—ñ —Ç–∏–ø–∏ –ø–æ–º–∏–ª–æ–∫","–ó–Ω–∞–π–æ–º–∏–π —ñ–∑ OpenCV (–º–æ–∂—É –∑–∞–≤–∞–Ω—Ç–∞–∂–∏—Ç–∏ –∑–æ–±—Ä–∞–∂–µ–Ω–Ω—è, –≤—ñ–¥–æ–±—Ä–∞–∑–∏—Ç–∏ –π–æ–≥–æ, –∫–æ–Ω–≤–µ—Ä—Ç—É–≤–∞–Ω–Ω—è –∫–æ–ª—å–æ—Ä—ñ–≤ —Ç–æ—â–æ)","–ó–Ω–∞—é –ø—Ä–æ –ø—ñ–¥—Ö–æ–¥–∏ ""bag-of-words"", ""TF-IDF"", —Ç–∞–∫–æ–∂ —Ä–µ–≥—É–ª—è—Ä–Ω—ñ –≤–∏—Ä–∞–∑–∏","—Ö–æ—Ç—ñ–≤ –±–∏ –¥–æ–±—Ä–µ –≤–∏–≤—á–∏—Ç–∏ NLP, —Ç–∞–∫ —è–∫ —Ü—è —Ç–µ–º–∞ —Ü—ñ–∫–∞–≤–∏—Ç—å –º–µ–Ω–µ –Ω–∞–π–±—ñ–ª—å—à–µ",–ø–æ–∫–∏ –Ω–µ –≤–ø–µ–≤–Ω–µ–Ω–∏–π
2023-09-06 14:39:34.468,"–§–Ü-01, –§–Ü-02",–ü–∏—Å–∞–≤ –ª–∞–±–∫–∏ –Ω–∞ Python –Ω–∞ —ñ–Ω—à–∏—Ö –ø—Ä–µ–¥–º–µ—Ç–∞—Ö,"–í–º—ñ—é –ø–∏—Å–∞—Ç–∏ –∑—Ä—ñ–∑–∏ –ø–æ —Ç–∞–±–ª–∏—Ü—è–º, —ñ—Ç–µ—Ä—É–≤–∞—Ç–∏—Å—è –ø–æ –Ω–∏–º, –±—É–¥—É–≤–∞—Ç–∏ —Å—Ç–∞—Ç–∏—Å—Ç–∏–∫—É, –≥—Ä–∞—Ñ—ñ–∫–∏ —Ç–æ—â–æ","–ö–æ—Ä–∏—Å—Ç—É—é—Å—å –ø–ª–∞—Ç—Ñ–æ—Ä–º–æ—é, –ø–∏—Å–∞–≤ —Ç–∞–º –∫–æ–¥",–ó–Ω–∞—é –ø–æ—Å—Ç–∞–Ω–æ–≤–∫—É –∑–∞–¥–∞—á—ñ —Ç–∞ –∫–æ—Ä–∏—Å—Ç—É—é—Å—å –∫–ª–∞—Å–∞–º–∏ —ñ–∑ sklearn,–ö–æ—Ä–∏—Å—Ç—É—é—Å—å –∫–ª–∞—Å–∞–º–∏ —ñ–∑ sklearn –Ω–∞ –±–∞–∑–æ–≤–∏—Ö –ø–∞—Ä–∞–º–µ—Ç—Ä–∞—Ö,–ö–æ—Ä–∏—Å—Ç—É—é—Å—å –∫–ª–∞—Å–∞–º–∏ —ñ–∑ sklearn –Ω–∞ –±–∞–∑–æ–≤–∏—Ö –ø–∞—Ä–∞–º–µ—Ç—Ä–∞—Ö,–ö–æ—Ä–∏—Å—Ç—É—é—Å—å –∫–ª–∞—Å–∞–º–∏ —ñ–∑ sklearn –Ω–∞ –±–∞–∑–æ–≤–∏—Ö –ø–∞—Ä–∞–º–µ—Ç—Ä–∞—Ö,–°—Ç–∏–∫–∞—é—Å—å –≤–ø–µ—Ä—à–µ,–°—Ç–∏–∫–∞—é—Å—å –≤–ø–µ—Ä—à–µ,"–ó–Ω–∞–π–æ–º–∏–π —ñ–∑ –¥–µ—è–∫–∏–º–∏ –º–µ—Ç—Ä–∏–∫–∞–º–∏ (–Ω–∞–ø—Ä–∏–∫–ª–∞–¥, Accuracy –¥–ª—è –∫–ª–∞—Å–∏—Ñ—ñ–∫–∞—Ü—ñ—ó —ñ MSE –¥–ª—è –∑–∞–¥–∞—á —Ä–µ–≥—Ä–µ—Å—ñ—ó)","–°—Ç–∏–∫–∞—é—Å—å –≤–ø–µ—Ä—à–µ, –Ω–µ –ø—Ä–∞—Ü—é–≤–∞–≤ —ñ–∑ –∑–æ–±—Ä–∞–∂–µ–Ω–Ω—è–º–∏","–ú–æ–∂—É –ø—Ä–∞—Ü—é–≤–∞—Ç–∏ –∑ —Ç–µ–∫—Å—Ç–∞–º–∏ –Ω–∞ —Ä—ñ–≤–Ω—ñ –±–∞–∑–æ–≤–æ—ó –±—ñ–±–ª—ñ–æ—Ç–µ–∫–∏ (–≤—Ö–æ–¥–∂–µ–Ω–Ω—è, –≤–µ–ª–∏–∫—ñ/–º–∞–ª—ñ –ª—ñ—Ç–µ—Ä–∏, –ø—Ä–æ—Å—Ç—ñ –æ–ø–µ—Ä–∞—Ü—ñ—ó)","–ù–∞–≤—á–∏—Ç–∏—Å—è –ø—Ä–∞—Ü—é–≤–∞—Ç–∏ —ñ–∑ –∑–æ–±—Ä–∞–∂–µ–Ω–Ω—è–º–∏ —Ç–∞ –Ω–µ–π—Ä–æ–Ω–Ω–∏–º–∏ –º–µ—Ä–µ–∂–∞–º–∏, –ø–æ–≥–ª–∏–±–∏—Ç–∏ –∑–Ω–∞–Ω–Ω—è –∑ –æ–±—Ä–æ–±–∫–∏ —Ç–µ–∫—Å—Ç—ñ–≤",—Ç–∞–∫
2023-09-06 14:44:39.930,"–§–Ü-01, –§–Ü-02","–í–º—ñ—é –Ω–∞–ª–∞—à—Ç–æ–≤—É–≤–∞—Ç–∏ –æ—Ç–æ—á–µ–Ω–Ω—è, –∫–æ—Ä–∏—Å—Ç—É–≤–∞–≤—Å—è jupyter notebook","–í–º—ñ—é –ø–∏—Å–∞—Ç–∏ –∑—Ä—ñ–∑–∏ –ø–æ —Ç–∞–±–ª–∏—Ü—è–º, —ñ—Ç–µ—Ä—É–≤–∞—Ç–∏—Å—è –ø–æ –Ω–∏–º, –±—É–¥—É–≤–∞—Ç–∏ —Å—Ç–∞—Ç–∏—Å—Ç–∏–∫—É, –≥—Ä–∞—Ñ—ñ–∫–∏ —Ç–æ—â–æ","–ö–æ—Ä–∏—Å—Ç—É—é—Å—å –ø–ª–∞—Ç—Ñ–æ—Ä–º–æ—é, –ø–∏—Å–∞–≤ —Ç–∞–º –∫–æ–¥",–ó–Ω–∞—é –ø–æ—Å—Ç–∞–Ω–æ–≤–∫—É –∑–∞–¥–∞—á—ñ —Ç–∞ –∫–æ—Ä–∏—Å—Ç—É—é—Å—å –∫–ª–∞—Å–∞–º–∏ —ñ–∑ sklearn,–ö–æ—Ä–∏—Å—Ç—É—é—Å—å –∫–ª–∞—Å–∞–º–∏ —ñ–∑ sklearn –Ω–∞ –±–∞–∑–æ–≤–∏—Ö –ø–∞—Ä–∞–º–µ—Ç—Ä–∞—Ö,–ö–æ—Ä–∏—Å—Ç—É—é—Å—å –∫–ª–∞—Å–∞–º–∏ —ñ–∑ sklearn –Ω–∞ –±–∞–∑–æ–≤–∏—Ö –ø–∞—Ä–∞–º–µ—Ç—Ä–∞—Ö,–ö–æ—Ä–∏—Å—Ç—É—é—Å—å –∫–ª–∞—Å–∞–º–∏ —ñ–∑ sklearn –Ω–∞ –±–∞–∑–æ–≤–∏—Ö –ø–∞—Ä–∞–º–µ—Ç—Ä–∞—Ö,–ö–æ—Ä–∏—Å—Ç—É—é—Å—å –∫–ª–∞—Å–∞–º–∏ —ñ–∑ sklearn/xgboost/lightgbm –Ω–∞ –±–∞–∑–æ–≤–∏—Ö –ø–∞—Ä–∞–º–µ—Ç—Ä–∞—Ö,–°—Ç–∏–∫–∞—é—Å—å –≤–ø–µ—Ä—à–µ,"–ó–Ω–∞–π–æ–º–∏–π —ñ–∑ –¥–µ—è–∫–∏–º–∏ –º–µ—Ç—Ä–∏–∫–∞–º–∏ (–Ω–∞–ø—Ä–∏–∫–ª–∞–¥, Accuracy –¥–ª—è –∫–ª–∞—Å–∏—Ñ—ñ–∫–∞—Ü—ñ—ó —ñ MSE –¥–ª—è –∑–∞–¥–∞—á —Ä–µ–≥—Ä–µ—Å—ñ—ó)","–°—Ç–∏–∫–∞—é—Å—å –≤–ø–µ—Ä—à–µ, –Ω–µ –ø—Ä–∞—Ü—é–≤–∞–≤ —ñ–∑ –∑–æ–±—Ä–∞–∂–µ–Ω–Ω—è–º–∏","–ú–æ–∂—É –ø—Ä–∞—Ü—é–≤–∞—Ç–∏ –∑ —Ç–µ–∫—Å—Ç–∞–º–∏ –Ω–∞ —Ä—ñ–≤–Ω—ñ –±–∞–∑–æ–≤–æ—ó –±—ñ–±–ª—ñ–æ—Ç–µ–∫–∏ (–≤—Ö–æ–¥–∂–µ–Ω–Ω—è, –≤–µ–ª–∏–∫—ñ/–º–∞–ª—ñ –ª—ñ—Ç–µ—Ä–∏, –ø—Ä–æ—Å—Ç—ñ –æ–ø–µ—Ä–∞—Ü—ñ—ó)","ML, DL, Computer vision",—Ç–∞–∫
2023-09-06 17:55:58.126,"–§–ë-01, –§–ë-02, –§–ë-03, –§–ë-04, –§–ë-05","–í–º—ñ—é –Ω–∞–ª–∞—à—Ç–æ–≤—É–≤–∞—Ç–∏ –æ—Ç–æ—á–µ–Ω–Ω—è, –∫–æ—Ä–∏—Å—Ç—É–≤–∞–≤—Å—è jupyter notebook","–í–º—ñ—é –ø–∏—Å–∞—Ç–∏ –∑—Ä—ñ–∑–∏ –ø–æ —Ç–∞–±–ª–∏—Ü—è–º, —ñ—Ç–µ—Ä—É–≤–∞—Ç–∏—Å—è –ø–æ –Ω–∏–º, –±—É–¥—É–≤–∞—Ç–∏ —Å—Ç–∞—Ç–∏—Å—Ç–∏–∫—É, –≥—Ä–∞—Ñ—ñ–∫–∏ —Ç–æ—â–æ","–ö–æ—Ä–∏—Å—Ç—É—é—Å—å –ø–ª–∞—Ç—Ñ–æ—Ä–º–æ—é, –ø–∏—Å–∞–≤ —Ç–∞–º –∫–æ–¥",–ó–Ω–∞—é –ø–æ—Å—Ç–∞–Ω–æ–≤–∫—É –∑–∞–¥–∞—á—ñ —Ç–∞ –∫–æ—Ä–∏—Å—Ç—É—é—Å—å –∫–ª–∞—Å–∞–º–∏ —ñ–∑ sklearn,–û—Ä—ñ—î–Ω—Ç—É—é—Å—å –≤ –ø–∞—Ä–∞–º–µ—Ç—Ä–∞—Ö –∞–ª–≥–æ—Ä–∏—Ç–º—É —Ç–∞ –º–æ–∂—É —ó—Ö —Ä–µ–≥—É–ª—é–≤–∞—Ç–∏ –≤—ñ–¥–ø–æ–≤—ñ–¥–Ω–æ –¥–æ –∑–∞–¥–∞—á—ñ,–°—Ç–∏–∫–∞—é—Å—å –≤–ø–µ—Ä—à–µ,–ö–æ—Ä–∏—Å—Ç—É—é—Å—å –∫–ª–∞—Å–∞–º–∏ —ñ–∑ sklearn –Ω–∞ –±–∞–∑–æ–≤–∏—Ö –ø–∞—Ä–∞–º–µ—Ç—Ä–∞—Ö,–°—Ç–∏–∫–∞—é—Å—å –≤–ø–µ—Ä—à–µ,"–ó–Ω–∞–π–æ–º–∏–π —ñ–∑ –ø–µ—Ä—Ü–µ–ø—Ç—Ä–æ–Ω–æ–º, –º–æ–∂—É –∫–æ—Ä–∏—Å—Ç—É–≤–∞—Ç–∏—Å—å MLP —ñ–∑ sklearn","–ó–Ω–∞–π–æ–º–∏–π —ñ–∑ –¥–µ—è–∫–∏–º–∏ –º–µ—Ç—Ä–∏–∫–∞–º–∏ (–Ω–∞–ø—Ä–∏–∫–ª–∞–¥, Accuracy –¥–ª—è –∫–ª–∞—Å–∏—Ñ—ñ–∫–∞—Ü—ñ—ó —ñ MSE –¥–ª—è –∑–∞–¥–∞—á —Ä–µ–≥—Ä–µ—Å—ñ—ó)","–°—Ç–∏–∫–∞—é—Å—å –≤–ø–µ—Ä—à–µ, –Ω–µ –ø—Ä–∞—Ü—é–≤–∞–≤ —ñ–∑ –∑–æ–±—Ä–∞–∂–µ–Ω–Ω—è–º–∏","–°—Ç–∏–∫–∞—é—Å—å –≤–ø–µ—Ä—à–µ, –Ω–µ –ø—Ä–∞—Ü—é–≤–∞–≤ —ñ–∑ —Ç–µ–∫—Å—Ç–∞–º–∏","–ü–æ–∫–∏ —â–µ –Ω–µ –∑–Ω–∞—é, –ø–æ—Ç—Ä—ñ–±–Ω–æ –∑—Ä–æ–∑—É–º—ñ—Ç–∏ –ø—Ä–µ–¥–º–µ—Ç",–ø–æ–∫–∏ –Ω–µ –≤–ø–µ–≤–Ω–µ–Ω–∏–π
2023-09-06 17:56:40.178,"–§–ë-01, –§–ë-02, –§–ë-03, –§–ë-04, –§–ë-05","–í–º—ñ—é –Ω–∞–ª–∞—à—Ç–æ–≤—É–≤–∞—Ç–∏ –æ—Ç–æ—á–µ–Ω–Ω—è, –∫–æ—Ä–∏—Å—Ç—É–≤–∞–≤—Å—è jupyter notebook","–í–º—ñ—é –ø–∏—Å–∞—Ç–∏ –∑—Ä—ñ–∑–∏ –ø–æ —Ç–∞–±–ª–∏—Ü—è–º, —ñ—Ç–µ—Ä—É–≤–∞—Ç–∏—Å—è –ø–æ –Ω–∏–º, –±—É–¥—É–≤–∞—Ç–∏ —Å—Ç–∞—Ç–∏—Å—Ç–∏–∫—É, –≥—Ä–∞—Ñ—ñ–∫–∏ —Ç–æ—â–æ","–ö–æ—Ä–∏—Å—Ç—É—é—Å—å –ø–ª–∞—Ç—Ñ–æ—Ä–º–æ—é, –ø–∏—Å–∞–≤ —Ç–∞–º –∫–æ–¥",–ó–Ω–∞—é –ø–æ—Å—Ç–∞–Ω–æ–≤–∫—É –∑–∞–¥–∞—á—ñ —Ç–∞ –∫–æ—Ä–∏—Å—Ç—É—é—Å—å –∫–ª–∞—Å–∞–º–∏ —ñ–∑ sklearn,–ö–æ—Ä–∏—Å—Ç—É—é—Å—å –∫–ª–∞—Å–∞–º–∏ —ñ–∑ sklearn –Ω–∞ –±–∞–∑–æ–≤–∏—Ö –ø–∞—Ä–∞–º–µ—Ç—Ä–∞—Ö,–ö–æ—Ä–∏—Å—Ç—É—é—Å—å –∫–ª–∞—Å–∞–º–∏ —ñ–∑ sklearn –Ω–∞ –±–∞–∑–æ–≤–∏—Ö –ø–∞—Ä–∞–º–µ—Ç—Ä–∞—Ö,–ö–æ—Ä–∏—Å—Ç—É—é—Å—å –∫–ª–∞—Å–∞–º–∏ —ñ–∑ sklearn –Ω–∞ –±–∞–∑–æ–≤–∏—Ö –ø–∞—Ä–∞–º–µ—Ç—Ä–∞—Ö,–ö–æ—Ä–∏—Å—Ç—É—é—Å—å –∫–ª–∞—Å–∞–º–∏ —ñ–∑ sklearn/xgboost/lightgbm –Ω–∞ –±–∞–∑–æ–≤–∏—Ö –ø–∞—Ä–∞–º–µ—Ç—Ä–∞—Ö,–°—Ç–∏–∫–∞—é—Å—å –≤–ø–µ—Ä—à–µ,"–ó–Ω–∞–π–æ–º–∏–π —ñ–∑ –¥–µ—è–∫–∏–º–∏ –º–µ—Ç—Ä–∏–∫–∞–º–∏ (–Ω–∞–ø—Ä–∏–∫–ª–∞–¥, Accuracy –¥–ª—è –∫–ª–∞—Å–∏—Ñ—ñ–∫–∞—Ü—ñ—ó —ñ MSE –¥–ª—è –∑–∞–¥–∞—á —Ä–µ–≥—Ä–µ—Å—ñ—ó)","–°—Ç–∏–∫–∞—é—Å—å –≤–ø–µ—Ä—à–µ, –Ω–µ –ø—Ä–∞—Ü—é–≤–∞–≤ —ñ–∑ –∑–æ–±—Ä–∞–∂–µ–Ω–Ω—è–º–∏","–ú–æ–∂—É –ø—Ä–∞—Ü—é–≤–∞—Ç–∏ –∑ —Ç–µ–∫—Å—Ç–∞–º–∏ –Ω–∞ —Ä—ñ–≤–Ω—ñ –±–∞–∑–æ–≤–æ—ó –±—ñ–±–ª—ñ–æ—Ç–µ–∫–∏ (–≤—Ö–æ–¥–∂–µ–Ω–Ω—è, –≤–µ–ª–∏–∫—ñ/–º–∞–ª—ñ –ª—ñ—Ç–µ—Ä–∏, –ø—Ä–æ—Å—Ç—ñ –æ–ø–µ—Ä–∞—Ü—ñ—ó)","–©–æ –ø—Ä–æ–ø–æ–Ω—É—î—Ç—å—Å—è –∫—É—Ä—Å–æ–º —Ç–æ –π –±—É–¥—É –≤–∏–≤—á–∞—Ç–∏, –≥–æ–ª–æ–≤–Ω–µ —â–æ–± —Ü—ñ–∫–∞–≤–æ –±—É–ª–æ ",–ø–æ–∫–∏ –Ω–µ –≤–ø–µ–≤–Ω–µ–Ω–∏–π
2023-09-06 18:00:13.120,"–§–ë-01, –§–ë-02, –§–ë-03, –§–ë-04, –§–ë-05",–ü–∏—Å–∞–≤ –ª–∞–±–∫–∏ –Ω–∞ Python –Ω–∞ —ñ–Ω—à–∏—Ö –ø—Ä–µ–¥–º–µ—Ç–∞—Ö,–°—Ç–∏–∫–∞—é—Å—å –≤–ø–µ—Ä—à–µ,"–ö–æ—Ä–∏—Å—Ç—É—é—Å—å –ø–ª–∞—Ç—Ñ–æ—Ä–º–æ—é, –ø–∏—Å–∞–≤ —Ç–∞–º –∫–æ–¥",–°—Ç–∏–∫–∞—é—Å—å –≤–ø–µ—Ä—à–µ,–°—Ç–∏–∫–∞—é—Å—å –≤–ø–µ—Ä—à–µ,–°—Ç–∏–∫–∞—é—Å—å –≤–ø–µ—Ä—à–µ,–°—Ç–∏–∫–∞—é—Å—å –≤–ø–µ—Ä—à–µ,–°—Ç–∏–∫–∞—é—Å—å –≤–ø–µ—Ä—à–µ,–°—Ç–∏–∫–∞—é—Å—å –≤–ø–µ—Ä—à–µ,–°—Ç–∏–∫–∞—é—Å—å –≤–ø–µ—Ä—à–µ,"–°—Ç–∏–∫–∞—é—Å—å –≤–ø–µ—Ä—à–µ, –Ω–µ –ø—Ä–∞—Ü—é–≤–∞–≤ —ñ–∑ –∑–æ–±—Ä–∞–∂–µ–Ω–Ω—è–º–∏","–°—Ç–∏–∫–∞—é—Å—å –≤–ø–µ—Ä—à–µ, –Ω–µ –ø—Ä–∞—Ü—é–≤–∞–≤ —ñ–∑ —Ç–µ–∫—Å—Ç–∞–º–∏","–ú–æ—ó –æ—á—ñ–∫—É–≤–∞–Ω–Ω—è –≤—ñ–¥ –∫—É—Ä—Å—É: –æ—Å–≤–æ—ó—Ç–∏ —Ç—ñ —Ç–µ–º, –∑ —è–∫–∏–º–∏ —è –≤–ø–µ—Ä—à–µ –∑—É—Å—Ç—Ä—ñ—á–∞—é—Å—å, —Ç–∞ –Ω–∞–±—Ä–∞—Ç–∏—Å—è –¥–æ—Å–≤—ñ–¥—É —É —Ç–µ–º–∞—Ö, –∑ —è–∫–∏–º–∏ —è –≤–∂–µ –∑—É—Å—Ç—Ä—ñ—á–∞–≤—Å—è.",–ø–æ–∫–∏ –Ω–µ –≤–ø–µ–≤–Ω–µ–Ω–∏–π
2023-09-06 18:07:01.770,"–§–ë-06, –§–ï-01","–í–º—ñ—é –Ω–∞–ª–∞—à—Ç–æ–≤—É–≤–∞—Ç–∏ –æ—Ç–æ—á–µ–Ω–Ω—è, –∫–æ—Ä–∏—Å—Ç—É–≤–∞–≤—Å—è jupyter notebook","–í–º—ñ—é –ø–∏—Å–∞—Ç–∏ –∑—Ä—ñ–∑–∏ –ø–æ —Ç–∞–±–ª–∏—Ü—è–º, —ñ—Ç–µ—Ä—É–≤–∞—Ç–∏—Å—è –ø–æ –Ω–∏–º, –±—É–¥—É–≤–∞—Ç–∏ —Å—Ç–∞—Ç–∏—Å—Ç–∏–∫—É, –≥—Ä–∞—Ñ—ñ–∫–∏ —Ç–æ—â–æ","–ö–æ—Ä–∏—Å—Ç—É—é—Å—å –ø–ª–∞—Ç—Ñ–æ—Ä–º–æ—é, –ø–∏—Å–∞–≤ —Ç–∞–º –∫–æ–¥",–°—Ç–∏–∫–∞—é—Å—å –≤–ø–µ—Ä—à–µ,–°—Ç–∏–∫–∞—é—Å—å –≤–ø–µ—Ä—à–µ,–°—Ç–∏–∫–∞—é—Å—å –≤–ø–µ—Ä—à–µ,–°—Ç–∏–∫–∞—é—Å—å –≤–ø–µ—Ä—à–µ,–°—Ç–∏–∫–∞—é—Å—å –≤–ø–µ—Ä—à–µ,"–ó–Ω–∞–π–æ–º–∏–π —ñ–∑ –ø–µ—Ä—Ü–µ–ø—Ç—Ä–æ–Ω–æ–º, –º–æ–∂—É –∫–æ—Ä–∏—Å—Ç—É–≤–∞—Ç–∏—Å—å MLP —ñ–∑ sklearn",–°—Ç–∏–∫–∞—é—Å—å –≤–ø–µ—Ä—à–µ,"–°—Ç–∏–∫–∞—é—Å—å –≤–ø–µ—Ä—à–µ, –Ω–µ –ø—Ä–∞—Ü—é–≤–∞–≤ —ñ–∑ –∑–æ–±—Ä–∞–∂–µ–Ω–Ω—è–º–∏","–ó–Ω–∞—é –ø—Ä–æ –ø—ñ–¥—Ö–æ–¥–∏ ""bag-of-words"", ""TF-IDF"", —Ç–∞–∫–æ–∂ —Ä–µ–≥—É–ª—è—Ä–Ω—ñ –≤–∏—Ä–∞–∑–∏",–Ø –≥–æ—Ç–æ–≤ –Ω–∞ –ª—é–±–∏–π –≤–∞—Ä—ñ–∞–Ω—Ç),–ø–æ–∫–∏ –Ω–µ –≤–ø–µ–≤–Ω–µ–Ω–∏–π
2023-09-06 18:12:47.501,"–§–ë-01, –§–ë-02, –§–ë-03, –§–ë-04, –§–ë-05","–í–º—ñ—é –Ω–∞–ª–∞—à—Ç–æ–≤—É–≤–∞—Ç–∏ –æ—Ç–æ—á–µ–Ω–Ω—è, –∫–æ—Ä–∏—Å—Ç—É–≤–∞–≤—Å—è jupyter notebook","–í–º—ñ—é –ø–∏—Å–∞—Ç–∏ –∑—Ä—ñ–∑–∏ –ø–æ —Ç–∞–±–ª–∏—Ü—è–º, —ñ—Ç–µ—Ä—É–≤–∞—Ç–∏—Å—è –ø–æ –Ω–∏–º, –±—É–¥—É–≤–∞—Ç–∏ —Å—Ç–∞—Ç–∏—Å—Ç–∏–∫—É, –≥—Ä–∞—Ñ—ñ–∫–∏ —Ç–æ—â–æ","–ö–æ—Ä–∏—Å—Ç—É—é—Å—å –ø–ª–∞—Ç—Ñ–æ—Ä–º–æ—é, –ø–∏—Å–∞–≤ —Ç–∞–º –∫–æ–¥",–ó–Ω–∞—é –ø–æ—Å—Ç–∞–Ω–æ–≤–∫—É –∑–∞–¥–∞—á—ñ —Ç–∞ –∫–æ—Ä–∏—Å—Ç—É—é—Å—å –∫–ª–∞—Å–∞–º–∏ —ñ–∑ sklearn,–ö–æ—Ä–∏—Å—Ç—É—é—Å—å –∫–ª–∞—Å–∞–º–∏ —ñ–∑ sklearn –Ω–∞ –±–∞–∑–æ–≤–∏—Ö –ø–∞—Ä–∞–º–µ—Ç—Ä–∞—Ö,–°—Ç–∏–∫–∞—é—Å—å –≤–ø–µ—Ä—à–µ,–ö–æ—Ä–∏—Å—Ç—É—é—Å—å –∫–ª–∞—Å–∞–º–∏ —ñ–∑ sklearn –Ω–∞ –±–∞–∑–æ–≤–∏—Ö –ø–∞—Ä–∞–º–µ—Ç—Ä–∞—Ö,–°—Ç–∏–∫–∞—é—Å—å –≤–ø–µ—Ä—à–µ,–°—Ç–∏–∫–∞—é—Å—å –≤–ø–µ—Ä—à–µ,–°—Ç–∏–∫–∞—é—Å—å –≤–ø–µ—Ä—à–µ,"–°—Ç–∏–∫–∞—é—Å—å –≤–ø–µ—Ä—à–µ, –Ω–µ –ø—Ä–∞—Ü—é–≤–∞–≤ —ñ–∑ –∑–æ–±—Ä–∞–∂–µ–Ω–Ω—è–º–∏","–°—Ç–∏–∫–∞—é—Å—å –≤–ø–µ—Ä—à–µ, –Ω–µ –ø—Ä–∞—Ü—é–≤–∞–≤ —ñ–∑ —Ç–µ–∫—Å—Ç–∞–º–∏",–ù–∞–π–±—ñ–ª—å—à–µ —Ü—ñ–∫–∞–≤–∏—Ç—å —Ç–µ–º–∞ –Ω–µ–π—Ä–æ–Ω–Ω–∏—Ö –º–µ—Ä–µ–∂,–ø–æ–∫–∏ –Ω–µ –≤–ø–µ–≤–Ω–µ–Ω–∏–π
2023-09-06 18:17:22.861,"–§–ë-01, –§–ë-02, –§–ë-03, –§–ë-04, –§–ë-05","–í–º—ñ—é –Ω–∞–ª–∞—à—Ç–æ–≤—É–≤–∞—Ç–∏ –æ—Ç–æ—á–µ–Ω–Ω—è, –∫–æ—Ä–∏—Å—Ç—É–≤–∞–≤—Å—è jupyter notebook","–í–º—ñ—é –ø–∏—Å–∞—Ç–∏ –∑—Ä—ñ–∑–∏ –ø–æ —Ç–∞–±–ª–∏—Ü—è–º, —ñ—Ç–µ—Ä—É–≤–∞—Ç–∏—Å—è –ø–æ –Ω–∏–º, –±—É–¥—É–≤–∞—Ç–∏ —Å—Ç–∞—Ç–∏—Å—Ç–∏–∫—É, –≥—Ä–∞—Ñ—ñ–∫–∏ —Ç–æ—â–æ",–°—Ç–∏–∫–∞—é—Å—å –≤–ø–µ—Ä—à–µ,–ó–Ω–∞—é –ø–æ—Å—Ç–∞–Ω–æ–≤–∫—É –∑–∞–¥–∞—á—ñ —Ç–∞ –∫–æ—Ä–∏—Å—Ç—É—é—Å—å –∫–ª–∞—Å–∞–º–∏ —ñ–∑ sklearn,–û—Ä—ñ—î–Ω—Ç—É—é—Å—å –≤ –ø–∞—Ä–∞–º–µ—Ç—Ä–∞—Ö –∞–ª–≥–æ—Ä–∏—Ç–º—É —Ç–∞ –º–æ–∂—É —ó—Ö —Ä–µ–≥—É–ª—é–≤–∞—Ç–∏ –≤—ñ–¥–ø–æ–≤—ñ–¥–Ω–æ –¥–æ –∑–∞–¥–∞—á—ñ,–°—Ç–∏–∫–∞—é—Å—å –≤–ø–µ—Ä—à–µ,–ö–æ—Ä–∏—Å—Ç—É—é—Å—å –∫–ª–∞—Å–∞–º–∏ —ñ–∑ sklearn –Ω–∞ –±–∞–∑–æ–≤–∏—Ö –ø–∞—Ä–∞–º–µ—Ç—Ä–∞—Ö,–°—Ç–∏–∫–∞—é—Å—å –≤–ø–µ—Ä—à–µ,–°—Ç–∏–∫–∞—é—Å—å –≤–ø–µ—Ä—à–µ,–°—Ç–∏–∫–∞—é—Å—å –≤–ø–µ—Ä—à–µ,"–ó–Ω–∞–π–æ–º–∏–π —ñ–∑ OpenCV (–º–æ–∂—É –∑–∞–≤–∞–Ω—Ç–∞–∂–∏—Ç–∏ –∑–æ–±—Ä–∞–∂–µ–Ω–Ω—è, –≤—ñ–¥–æ–±—Ä–∞–∑–∏—Ç–∏ –π–æ–≥–æ, –∫–æ–Ω–≤–µ—Ä—Ç—É–≤–∞–Ω–Ω—è –∫–æ–ª—å–æ—Ä—ñ–≤ —Ç–æ—â–æ)","–°—Ç–∏–∫–∞—é—Å—å –≤–ø–µ—Ä—à–µ, –Ω–µ –ø—Ä–∞—Ü—é–≤–∞–≤ —ñ–∑ —Ç–µ–∫—Å—Ç–∞–º–∏","–°–ø–æ–¥—ñ–≤–∞—é—Å—å —â–æ –∑–≥–∞–¥–∞—é —Ç–µ, —â–æ –Ω–∞–º–∞–≥–∞–ª–∏—Å—å –≤–∫–ª–∞—Å—Ç–∏ –≤ –≥–æ–ª–æ–≤—É –Ω–∞ –ú–¢–ê–î –ø—Ä–æ –ø–∞–Ω–¥–∞—Å, –¥–∞—Ç–∞—Å–µ—Ç–∏ —ñ –∞–ª–≥–æ—Ä–∏—Ç–º–∏ –∑ –Ω–∏–º–∏ –ø–æ–≤'—è–∑–∞–Ω–∏–º–∏, –∞–ª–µ –≤ —á–æ–º—É—Å—å –≤–∂–µ –±—ñ–ª—å—à –∑—Ä–æ–∑—É–º—ñ–ª–æ–º—É —ñ –≤–∏–¥–∏–º–æ–º—É, –∞ –Ω–µ –ø—Ä–æ—Å—Ç–æ –∑–Ω–∞–π–¥—ñ—Ç—å —ñ —Ä–µ–∞–ª—ñ–∑—É–π—Ç–µ –∞–ª–≥–æ—Ä–∏—Ç–º, –∞–ª–µ —è–∫—â–æ —î —â–æ—Å—å —Ü—ñ–∫–∞–≤—ñ—à–µ –∑–∞ –∞–Ω–∞–ª—ñ–∑ –¥–∞—Ç–∞—Å–µ—Ç—ñ–≤ —Ç–æ –±—É–ª–æ –± –¥—É–∂–µ –¥–æ–±—Ä–µ ",–ø–æ–∫–∏ –Ω–µ –≤–ø–µ–≤–Ω–µ–Ω–∏–π
2023-09-06 18:17:46.722,"–§–ë-01, –§–ë-02, –§–ë-03, –§–ë-04, –§–ë-05","–í–º—ñ—é –Ω–∞–ª–∞—à—Ç–æ–≤—É–≤–∞—Ç–∏ –æ—Ç–æ—á–µ–Ω–Ω—è, –∫–æ—Ä–∏—Å—Ç—É–≤–∞–≤—Å—è jupyter notebook","–í–º—ñ—é –∑–∞–≤–∞–Ω—Ç–∞–∂—É–≤–∞—Ç–∏ –¥–∞–Ω—ñ —É pandas, –∫–æ—Ä–∏—Å—Ç—É–≤–∞—Ç–∏—Å—å –Ω–∏–º–∏ —è–∫ –∑–≤–∏—á–∞–π–Ω–∏–º –º–∞—Å–∏–≤–æ–º",–°—Ç–∏–∫–∞—é—Å—å –≤–ø–µ—Ä—à–µ,–ó–Ω–∞—é –ø–æ—Å—Ç–∞–Ω–æ–≤–∫—É –∑–∞–¥–∞—á—ñ —Ç–∞ –∫–æ—Ä–∏—Å—Ç—É—é—Å—å –∫–ª–∞—Å–∞–º–∏ —ñ–∑ sklearn,–°—Ç–∏–∫–∞—é—Å—å –≤–ø–µ—Ä—à–µ,–°—Ç–∏–∫–∞—é—Å—å –≤–ø–µ—Ä—à–µ,–°—Ç–∏–∫–∞—é—Å—å –≤–ø–µ—Ä—à–µ,–°—Ç–∏–∫–∞—é—Å—å –≤–ø–µ—Ä—à–µ,–°—Ç–∏–∫–∞—é—Å—å –≤–ø–µ—Ä—à–µ,"–ó–Ω–∞–π–æ–º–∏–π —ñ–∑ –¥–µ—è–∫–∏–º–∏ –º–µ—Ç—Ä–∏–∫–∞–º–∏ (–Ω–∞–ø—Ä–∏–∫–ª–∞–¥, Accuracy –¥–ª—è –∫–ª–∞—Å–∏—Ñ—ñ–∫–∞—Ü—ñ—ó —ñ MSE –¥–ª—è –∑–∞–¥–∞—á —Ä–µ–≥—Ä–µ—Å—ñ—ó)","–°—Ç–∏–∫–∞—é—Å—å –≤–ø–µ—Ä—à–µ, –Ω–µ –ø—Ä–∞—Ü—é–≤–∞–≤ —ñ–∑ –∑–æ–±—Ä–∞–∂–µ–Ω–Ω—è–º–∏","–°—Ç–∏–∫–∞—é—Å—å –≤–ø–µ—Ä—à–µ, –Ω–µ –ø—Ä–∞—Ü—é–≤–∞–≤ —ñ–∑ —Ç–µ–∫—Å—Ç–∞–º–∏","–•–æ—Ç—ñ–ª–∞ –± –æ–∑–Ω–∞–π–æ–º–∏—Ç–∏—Å—è –∑ –æ—Å–Ω–æ–≤–∞–º–∏ –¥–µ–∫—ñ–ª—å–∫–æ—Ö –Ω–∞–ø—Ä—è–º–∫—ñ–≤ –ø–æ—Ç—Ä–æ—Ö—É, –æ—Å–∫—ñ–ª—å–∫–∏ –º–∞—é –∑–∞–Ω–∞–¥—Ç–æ –º–∞–ª–æ –¥–æ—Å–≤—ñ–¥—É, —â–æ–± –∑–Ω–∞—Ç–∏, —â–æ —Ü—ñ–∫–∞–≤–∏—Ç—å –±—ñ–ª—å—à–µ.",–ø–æ–∫–∏ –Ω–µ –≤–ø–µ–≤–Ω–µ–Ω–∏–π
2023-09-06 18:57:51.449,"–§–ë-01, –§–ë-02, –§–ë-03, –§–ë-04, –§–ë-05",–ü–∏—Å–∞–≤ –ª–∞–±–∫–∏ –Ω–∞ Python –Ω–∞ —ñ–Ω—à–∏—Ö –ø—Ä–µ–¥–º–µ—Ç–∞—Ö,"–í–º—ñ—é –∑–∞–≤–∞–Ω—Ç–∞–∂—É–≤–∞—Ç–∏ –¥–∞–Ω—ñ —É pandas, –∫–æ—Ä–∏—Å—Ç—É–≤–∞—Ç–∏—Å—å –Ω–∏–º–∏ —è–∫ –∑–≤–∏—á–∞–π–Ω–∏–º –º–∞—Å–∏–≤–æ–º","–ö–æ—Ä–∏—Å—Ç—É—é—Å—å –ø–ª–∞—Ç—Ñ–æ—Ä–º–æ—é, –ø–∏—Å–∞–≤ —Ç–∞–º –∫–æ–¥",–°—Ç–∏–∫–∞—é—Å—å –≤–ø–µ—Ä—à–µ,–°—Ç–∏–∫–∞—é—Å—å –≤–ø–µ—Ä—à–µ,–ö–æ—Ä–∏—Å—Ç—É—é—Å—å –∫–ª–∞—Å–∞–º–∏ —ñ–∑ sklearn –Ω–∞ –±–∞–∑–æ–≤–∏—Ö –ø–∞—Ä–∞–º–µ—Ç—Ä–∞—Ö,–ö–æ—Ä–∏—Å—Ç—É—é—Å—å –∫–ª–∞—Å–∞–º–∏ —ñ–∑ sklearn –Ω–∞ –±–∞–∑–æ–≤–∏—Ö –ø–∞—Ä–∞–º–µ—Ç—Ä–∞—Ö,–ö–æ—Ä–∏—Å—Ç—É—é—Å—å –∫–ª–∞—Å–∞–º–∏ —ñ–∑ sklearn/xgboost/lightgbm –Ω–∞ –±–∞–∑–æ–≤–∏—Ö –ø–∞—Ä–∞–º–µ—Ç—Ä–∞—Ö,–°—Ç–∏–∫–∞—é—Å—å –≤–ø–µ—Ä—à–µ,–°—Ç–∏–∫–∞—é—Å—å –≤–ø–µ—Ä—à–µ,"–°—Ç–∏–∫–∞—é—Å—å –≤–ø–µ—Ä—à–µ, –Ω–µ –ø—Ä–∞—Ü—é–≤–∞–≤ —ñ–∑ –∑–æ–±—Ä–∞–∂–µ–Ω–Ω—è–º–∏","–°—Ç–∏–∫–∞—é—Å—å –≤–ø–µ—Ä—à–µ, –Ω–µ –ø—Ä–∞—Ü—é–≤–∞–≤ —ñ–∑ —Ç–µ–∫—Å—Ç–∞–º–∏",–•–æ—á—É –ø–æ–≤—Ç–æ—Ä–∏—Ç–∏ –Ω–∞–≤–∏—á–∫–∏ —è–∫—ñ –∑–¥–æ–±—É–≤ –ø—ñ–¥ —á–∞—Å 1-3 –∫—É—Ä—Å—É. –•–æ—á—É –∑–¥–æ–±—É—Ç–∏ –Ω–æ–≤—ñ –Ω–∞–≤–∏—á–∫–∏ (–≤–∏–≤—á–∏—Ç–∏ –Ω–æ–≤—ñ —Ç–µ–º–∏),–ø–æ–∫–∏ –Ω–µ –≤–ø–µ–≤–Ω–µ–Ω–∏–π
2023-09-06 21:43:32.855,"–§–ë-01, –§–ë-02, –§–ë-03, –§–ë-04, –§–ë-05",–ü–∏—Å–∞–≤ –ª–∞–±–∫–∏ –Ω–∞ Python –Ω–∞ —ñ–Ω—à–∏—Ö –ø—Ä–µ–¥–º–µ—Ç–∞—Ö,"–í–º—ñ—é –ø–∏—Å–∞—Ç–∏ –∑—Ä—ñ–∑–∏ –ø–æ —Ç–∞–±–ª–∏—Ü—è–º, —ñ—Ç–µ—Ä—É–≤–∞—Ç–∏—Å—è –ø–æ –Ω–∏–º, –±—É–¥—É–≤–∞—Ç–∏ —Å—Ç–∞—Ç–∏—Å—Ç–∏–∫—É, –≥—Ä–∞—Ñ—ñ–∫–∏ —Ç–æ—â–æ",–°—Ç–∏–∫–∞—é—Å—å –≤–ø–µ—Ä—à–µ,–ó–Ω–∞—é –ø–æ—Å—Ç–∞–Ω–æ–≤–∫—É –∑–∞–¥–∞—á—ñ —Ç–∞ –∫–æ—Ä–∏—Å—Ç—É—é—Å—å –∫–ª–∞—Å–∞–º–∏ —ñ–∑ sklearn,–ö–æ—Ä–∏—Å—Ç—É—é—Å—å –∫–ª–∞—Å–∞–º–∏ —ñ–∑ sklearn –Ω–∞ –±–∞–∑–æ–≤–∏—Ö –ø–∞—Ä–∞–º–µ—Ç—Ä–∞—Ö,–°—Ç–∏–∫–∞—é—Å—å –≤–ø–µ—Ä—à–µ,–ö–æ—Ä–∏—Å—Ç—É—é—Å—å –∫–ª–∞—Å–∞–º–∏ —ñ–∑ sklearn –Ω–∞ –±–∞–∑–æ–≤–∏—Ö –ø–∞—Ä–∞–º–µ—Ç—Ä–∞—Ö,–°—Ç–∏–∫–∞—é—Å—å –≤–ø–µ—Ä—à–µ,–°—Ç–∏–∫–∞—é—Å—å –≤–ø–µ—Ä—à–µ,"–ó–Ω–∞–π–æ–º–∏–π —ñ–∑ –¥–µ—è–∫–∏–º–∏ –º–µ—Ç—Ä–∏–∫–∞–º–∏ (–Ω–∞–ø—Ä–∏–∫–ª–∞–¥, Accuracy –¥–ª—è –∫–ª–∞—Å–∏—Ñ—ñ–∫–∞—Ü—ñ—ó —ñ MSE –¥–ª—è –∑–∞–¥–∞—á —Ä–µ–≥—Ä–µ—Å—ñ—ó)","–°—Ç–∏–∫–∞—é—Å—å –≤–ø–µ—Ä—à–µ, –Ω–µ –ø—Ä–∞—Ü—é–≤–∞–≤ —ñ–∑ –∑–æ–±—Ä–∞–∂–µ–Ω–Ω—è–º–∏","–°—Ç–∏–∫–∞—é—Å—å –≤–ø–µ—Ä—à–µ, –Ω–µ –ø—Ä–∞—Ü—é–≤–∞–≤ —ñ–∑ —Ç–µ–∫—Å—Ç–∞–º–∏","–ü–æ–≥–ª–∏–±–∏—Ç–∏ –∑–Ω–∞–Ω–Ω—è –º–∞—à–∏–Ω–Ω–æ–≥–æ –Ω–∞–≤—á–∞–Ω–Ω—è, —è–∫—ñ —Å–∞–º–µ —Ç–µ–º–∏ –Ω–µ –∑–Ω–∞—é",–ø–æ–∫–∏ –Ω–µ –≤–ø–µ–≤–Ω–µ–Ω–∏–π
2023-09-07 04:02:30.654,"–§–ë-01, –§–ë-02, –§–ë-03, –§–ë-04, –§–ë-05",–ü–∏—Å–∞–≤ –ª–∞–±–∫–∏ –Ω–∞ Python –Ω–∞ —ñ–Ω—à–∏—Ö –ø—Ä–µ–¥–º–µ—Ç–∞—Ö,–°—Ç–∏–∫–∞—é—Å—å –≤–ø–µ—Ä—à–µ,"–ö–æ—Ä–∏—Å—Ç—É—é—Å—å –ø–ª–∞—Ç—Ñ–æ—Ä–º–æ—é, –ø–∏—Å–∞–≤ —Ç–∞–º –∫–æ–¥",–°—Ç–∏–∫–∞—é—Å—å –≤–ø–µ—Ä—à–µ,–°—Ç–∏–∫–∞—é—Å—å –≤–ø–µ—Ä—à–µ,–°—Ç–∏–∫–∞—é—Å—å –≤–ø–µ—Ä—à–µ,–°—Ç–∏–∫–∞—é—Å—å –≤–ø–µ—Ä—à–µ,–°—Ç–∏–∫–∞—é—Å—å –≤–ø–µ—Ä—à–µ,–°—Ç–∏–∫–∞—é—Å—å –≤–ø–µ—Ä—à–µ,–°—Ç–∏–∫–∞—é—Å—å –≤–ø–µ—Ä—à–µ,"–ó–Ω–∞–π–æ–º–∏–π —ñ–∑ OpenCV (–º–æ–∂—É –∑–∞–≤–∞–Ω—Ç–∞–∂–∏—Ç–∏ –∑–æ–±—Ä–∞–∂–µ–Ω–Ω—è, –≤—ñ–¥–æ–±—Ä–∞–∑–∏—Ç–∏ –π–æ–≥–æ, –∫–æ–Ω–≤–µ—Ä—Ç—É–≤–∞–Ω–Ω—è –∫–æ–ª—å–æ—Ä—ñ–≤ —Ç–æ—â–æ)","–ú–æ–∂—É –ø—Ä–∞—Ü—é–≤–∞—Ç–∏ –∑ —Ç–µ–∫—Å—Ç–∞–º–∏ –Ω–∞ —Ä—ñ–≤–Ω—ñ –±–∞–∑–æ–≤–æ—ó –±—ñ–±–ª—ñ–æ—Ç–µ–∫–∏ (–≤—Ö–æ–¥–∂–µ–Ω–Ω—è, –≤–µ–ª–∏–∫—ñ/–º–∞–ª—ñ –ª—ñ—Ç–µ—Ä–∏, –ø—Ä–æ—Å—Ç—ñ –æ–ø–µ—Ä–∞—Ü—ñ—ó)","–Ñ –Ω–∞–¥—ñ—ó, —â–æ –∫—É—Ä—Å –±—É–¥–µ —Ü—ñ–∫–∞–≤–∏–π,  –∞ –º–∞—Ç–µ—Ä—ñ–∞–ª –∞–∫—Ç—É–∞–ª—å–Ω–∏–π. –¶—ñ–∫–∞–≤–æ—é –±—É–¥–µ –±—É–¥—å-—è–∫–∞ –∑ –ø–µ—Ä–µ–ª—ñ—á–µ–Ω–∏—Ö —Ç–µ–º",–ø–æ–∫–∏ –Ω–µ –≤–ø–µ–≤–Ω–µ–Ω–∏–π
2023-09-07 10:09:25.066,"–§–ë-01, –§–ë-02, –§–ë-03, –§–ë-04, –§–ë-05",–ü–∏—Å–∞–≤ –ª–∞–±–∫–∏ –Ω–∞ Python –Ω–∞ —ñ–Ω—à–∏—Ö –ø—Ä–µ–¥–º–µ—Ç–∞—Ö,"–í–º—ñ—é –∑–∞–≤–∞–Ω—Ç–∞–∂—É–≤–∞—Ç–∏ –¥–∞–Ω—ñ —É pandas, –∫–æ—Ä–∏—Å—Ç—É–≤–∞—Ç–∏—Å—å –Ω–∏–º–∏ —è–∫ –∑–≤–∏—á–∞–π–Ω–∏–º –º–∞—Å–∏–≤–æ–º",–°—Ç–∏–∫–∞—é—Å—å –≤–ø–µ—Ä—à–µ,–°—Ç–∏–∫–∞—é—Å—å –≤–ø–µ—Ä—à–µ,–°—Ç–∏–∫–∞—é—Å—å –≤–ø–µ—Ä—à–µ,–°—Ç–∏–∫–∞—é—Å—å –≤–ø–µ—Ä—à–µ,–°—Ç–∏–∫–∞—é—Å—å –≤–ø–µ—Ä—à–µ,–°—Ç–∏–∫–∞—é—Å—å –≤–ø–µ—Ä—à–µ,–°—Ç–∏–∫–∞—é—Å—å –≤–ø–µ—Ä—à–µ,–°—Ç–∏–∫–∞—é—Å—å –≤–ø–µ—Ä—à–µ,"–ó–Ω–∞–π–æ–º–∏–π —ñ–∑ OpenCV (–º–æ–∂—É –∑–∞–≤–∞–Ω—Ç–∞–∂–∏—Ç–∏ –∑–æ–±—Ä–∞–∂–µ–Ω–Ω—è, –≤—ñ–¥–æ–±—Ä–∞–∑–∏—Ç–∏ –π–æ–≥–æ, –∫–æ–Ω–≤–µ—Ä—Ç—É–≤–∞–Ω–Ω—è –∫–æ–ª—å–æ—Ä—ñ–≤ —Ç–æ—â–æ)","–°—Ç–∏–∫–∞—é—Å—å –≤–ø–µ—Ä—à–µ, –Ω–µ –ø—Ä–∞—Ü—é–≤–∞–≤ —ñ–∑ —Ç–µ–∫—Å—Ç–∞–º–∏",–í—Å–µ,—Ç–∞–∫
2023-09-07 13:51:57.787,"–§–ë-01, –§–ë-02, –§–ë-03, –§–ë-04, –§–ë-05","–í–º—ñ—é –Ω–∞–ª–∞—à—Ç–æ–≤—É–≤–∞—Ç–∏ –æ—Ç–æ—á–µ–Ω–Ω—è, –∫–æ—Ä–∏—Å—Ç—É–≤–∞–≤—Å—è jupyter notebook","–í–º—ñ—é –ø–∏—Å–∞—Ç–∏ –∑—Ä—ñ–∑–∏ –ø–æ —Ç–∞–±–ª–∏—Ü—è–º, —ñ—Ç–µ—Ä—É–≤–∞—Ç–∏—Å—è –ø–æ –Ω–∏–º, –±—É–¥—É–≤–∞—Ç–∏ —Å—Ç–∞—Ç–∏—Å—Ç–∏–∫—É, –≥—Ä–∞—Ñ—ñ–∫–∏ —Ç–æ—â–æ","–ö–æ—Ä–∏—Å—Ç—É—é—Å—å –ø–ª–∞—Ç—Ñ–æ—Ä–º–æ—é, –ø–∏—Å–∞–≤ —Ç–∞–º –∫–æ–¥",–ó–Ω–∞—é –ø–æ—Å—Ç–∞–Ω–æ–≤–∫—É –∑–∞–¥–∞—á—ñ —Ç–∞ –∫–æ—Ä–∏—Å—Ç—É—é—Å—å –∫–ª–∞—Å–∞–º–∏ —ñ–∑ sklearn,"–†–æ–∑—É–º—ñ—é –∞–ª–≥–æ—Ä–∏—Ç–º, –º–æ–∂—É —Ä–µ–∞–ª—ñ–∑—É–≤–∞—Ç–∏ ""from scratch""",–û—Ä—ñ—î–Ω—Ç—É—é—Å—å –≤ –ø–∞—Ä–∞–º–µ—Ç—Ä–∞—Ö –∞–ª–≥–æ—Ä–∏—Ç–º—É —Ç–∞ –º–æ–∂—É —ó—Ö —Ä–µ–≥—É–ª—é–≤–∞—Ç–∏ –≤—ñ–¥–ø–æ–≤—ñ–¥–Ω–æ –¥–æ –∑–∞–¥–∞—á—ñ,"–†–æ–∑—É–º—ñ—é –∞–ª–≥–æ—Ä–∏—Ç–º, –º–æ–∂—É —Ä–µ–∞–ª—ñ–∑—É–≤–∞—Ç–∏ ""from scratch""",–°—Ç–∏–∫–∞—é—Å—å –≤–ø–µ—Ä—à–µ,–°—Ç–∏–∫–∞—é—Å—å –≤–ø–µ—Ä—à–µ,"–ó–Ω–∞–π–æ–º–∏–π —ñ–∑ –¥–µ—è–∫–∏–º–∏ –º–µ—Ç—Ä–∏–∫–∞–º–∏ (–Ω–∞–ø—Ä–∏–∫–ª–∞–¥, Accuracy –¥–ª—è –∫–ª–∞—Å–∏—Ñ—ñ–∫–∞—Ü—ñ—ó —ñ MSE –¥–ª—è –∑–∞–¥–∞—á —Ä–µ–≥—Ä–µ—Å—ñ—ó)","–°—Ç–∏–∫–∞—é—Å—å –≤–ø–µ—Ä—à–µ, –Ω–µ –ø—Ä–∞—Ü—é–≤–∞–≤ —ñ–∑ –∑–æ–±—Ä–∞–∂–µ–Ω–Ω—è–º–∏","–°—Ç–∏–∫–∞—é—Å—å –≤–ø–µ—Ä—à–µ, –Ω–µ –ø—Ä–∞—Ü—é–≤–∞–≤ —ñ–∑ —Ç–µ–∫—Å—Ç–∞–º–∏","–ü–æ–≥–ª–∏–±–∏—Ç–∏ –∑–Ω–∞–Ω–Ω—è –∑ —Ç–∏—Ö –ø–∏—Ç–∞–Ω—å/—Ç–µ–º, –∑ —è–∫–∏–º–∏ –Ω–µ –ø—Ä–∞—Ü—é–≤–∞–ª–∏ —Ä–∞–Ω—ñ—à–µ",—Ç–∞–∫
2023-09-07 16:22:26.190,"–§–ë-01, –§–ë-02, –§–ë-03, –§–ë-04, –§–ë-05",–ü–∏—Å–∞–≤ –ª–∞–±–∫–∏ –Ω–∞ Python –Ω–∞ —ñ–Ω—à–∏—Ö –ø—Ä–µ–¥–º–µ—Ç–∞—Ö,"–í–º—ñ—é –ø–∏—Å–∞—Ç–∏ –∑—Ä—ñ–∑–∏ –ø–æ —Ç–∞–±–ª–∏—Ü—è–º, —ñ—Ç–µ—Ä—É–≤–∞—Ç–∏—Å—è –ø–æ –Ω–∏–º, –±—É–¥—É–≤–∞—Ç–∏ —Å—Ç–∞—Ç–∏—Å—Ç–∏–∫—É, –≥—Ä–∞—Ñ—ñ–∫–∏ —Ç–æ—â–æ",–°—Ç–∏–∫–∞—é—Å—å –≤–ø–µ—Ä—à–µ,–ó–Ω–∞—é –ø–æ—Å—Ç–∞–Ω–æ–≤–∫—É –∑–∞–¥–∞—á—ñ —Ç–∞ –∫–æ—Ä–∏—Å—Ç—É—é—Å—å –∫–ª–∞—Å–∞–º–∏ —ñ–∑ sklearn,–ö–æ—Ä–∏—Å—Ç—É—é—Å—å –∫–ª–∞—Å–∞–º–∏ —ñ–∑ sklearn –Ω–∞ –±–∞–∑–æ–≤–∏—Ö –ø–∞—Ä–∞–º–µ—Ç—Ä–∞—Ö,–ö–æ—Ä–∏—Å—Ç—É—é—Å—å –∫–ª–∞—Å–∞–º–∏ —ñ–∑ sklearn –Ω–∞ –±–∞–∑–æ–≤–∏—Ö –ø–∞—Ä–∞–º–µ—Ç—Ä–∞—Ö,–ö–æ—Ä–∏—Å—Ç—É—é—Å—å –∫–ª–∞—Å–∞–º–∏ —ñ–∑ sklearn –Ω–∞ –±–∞–∑–æ–≤–∏—Ö –ø–∞—Ä–∞–º–µ—Ç—Ä–∞—Ö,–ö–æ—Ä–∏—Å—Ç—É—é—Å—å –∫–ª–∞—Å–∞–º–∏ —ñ–∑ sklearn/xgboost/lightgbm –Ω–∞ –±–∞–∑–æ–≤–∏—Ö –ø–∞—Ä–∞–º–µ—Ç—Ä–∞—Ö,–°—Ç–∏–∫–∞—é—Å—å –≤–ø–µ—Ä—à–µ,–°—Ç–∏–∫–∞—é—Å—å –≤–ø–µ—Ä—à–µ,"–°—Ç–∏–∫–∞—é—Å—å –≤–ø–µ—Ä—à–µ, –Ω–µ –ø—Ä–∞—Ü—é–≤–∞–≤ —ñ–∑ –∑–æ–±—Ä–∞–∂–µ–Ω–Ω—è–º–∏","–°—Ç–∏–∫–∞—é—Å—å –≤–ø–µ—Ä—à–µ, –Ω–µ –ø—Ä–∞—Ü—é–≤–∞–≤ —ñ–∑ —Ç–µ–∫—Å—Ç–∞–º–∏","–°—É–¥—è—á–∏ –∑ –Ω–∞–¥–∞–Ω–∏—Ö –ø–∏—Ç–∞–Ω—å, –ø–æ –º–∞—à–∏–Ω–Ω–æ–º—É –Ω–∞–≤—á–∞–Ω–Ω—é —Ç–µ–º –¥–æ—Å–∏—Ç—å –±—É–¥–µ)",–ø–æ–∫–∏ –Ω–µ –≤–ø–µ–≤–Ω–µ–Ω–∏–π
2023-09-08 09:10:48.225,"–§–ë-01, –§–ë-02, –§–ë-03, –§–ë-04, –§–ë-05",–ü–∏—Å–∞–≤ –ª–∞–±–∫–∏ –Ω–∞ Python –Ω–∞ —ñ–Ω—à–∏—Ö –ø—Ä–µ–¥–º–µ—Ç–∞—Ö,–°—Ç–∏–∫–∞—é—Å—å –≤–ø–µ—Ä—à–µ,–°—Ç–∏–∫–∞—é—Å—å –≤–ø–µ—Ä—à–µ,–°—Ç–∏–∫–∞—é—Å—å –≤–ø–µ—Ä—à–µ,–°—Ç–∏–∫–∞—é—Å—å –≤–ø–µ—Ä—à–µ,–°—Ç–∏–∫–∞—é—Å—å –≤–ø–µ—Ä—à–µ,–°—Ç–∏–∫–∞—é—Å—å –≤–ø–µ—Ä—à–µ,–°—Ç–∏–∫–∞—é—Å—å –≤–ø–µ—Ä—à–µ,–°—Ç–∏–∫–∞—é—Å—å –≤–ø–µ—Ä—à–µ,–°—Ç–∏–∫–∞—é—Å—å –≤–ø–µ—Ä—à–µ,"–°—Ç–∏–∫–∞—é—Å—å –≤–ø–µ—Ä—à–µ, –Ω–µ –ø—Ä–∞—Ü—é–≤–∞–≤ —ñ–∑ –∑–æ–±—Ä–∞–∂–µ–Ω–Ω—è–º–∏","–°—Ç–∏–∫–∞—é—Å—å –≤–ø–µ—Ä—à–µ, –Ω–µ –ø—Ä–∞—Ü—é–≤–∞–≤ —ñ–∑ —Ç–µ–∫—Å—Ç–∞–º–∏",–æ—á—ñ–∫—É—é –±–∞–∑–æ–≤–∏—Ö –∑–Ω–∞–Ω—å. –Ω–µ—Å–∫–ª–∞–¥–Ω–∏—Ö –ª–∞–±–æ—Ä–∞—Ç–æ—Ä–Ω–∏—Ö.,–Ω—ñ
2023-09-08 10:43:25.655,"–§–ë-01, –§–ë-02, –§–ë-03, –§–ë-04, –§–ë-05","–í–º—ñ—é –Ω–∞–ª–∞—à—Ç–æ–≤—É–≤–∞—Ç–∏ –æ—Ç–æ—á–µ–Ω–Ω—è, –∫–æ—Ä–∏—Å—Ç—É–≤–∞–≤—Å—è jupyter notebook","–í–º—ñ—é –ø–∏—Å–∞—Ç–∏ –∑—Ä—ñ–∑–∏ –ø–æ —Ç–∞–±–ª–∏—Ü—è–º, —ñ—Ç–µ—Ä—É–≤–∞—Ç–∏—Å—è –ø–æ –Ω–∏–º, –±—É–¥—É–≤–∞—Ç–∏ —Å—Ç–∞—Ç–∏—Å—Ç–∏–∫—É, –≥—Ä–∞—Ñ—ñ–∫–∏ —Ç–æ—â–æ","–ö–æ—Ä–∏—Å—Ç—É—é—Å—å –ø–ª–∞—Ç—Ñ–æ—Ä–º–æ—é, –ø–∏—Å–∞–≤ —Ç–∞–º –∫–æ–¥",–°—Ç–∏–∫–∞—é—Å—å –≤–ø–µ—Ä—à–µ,–ö–æ—Ä–∏—Å—Ç—É—é—Å—å –∫–ª–∞—Å–∞–º–∏ —ñ–∑ sklearn –Ω–∞ –±–∞–∑–æ–≤–∏—Ö –ø–∞—Ä–∞–º–µ—Ç—Ä–∞—Ö,–ö–æ—Ä–∏—Å—Ç—É—é—Å—å –∫–ª–∞—Å–∞–º–∏ —ñ–∑ sklearn –Ω–∞ –±–∞–∑–æ–≤–∏—Ö –ø–∞—Ä–∞–º–µ—Ç—Ä–∞—Ö,–°—Ç–∏–∫–∞—é—Å—å –≤–ø–µ—Ä—à–µ,–°—Ç–∏–∫–∞—é—Å—å –≤–ø–µ—Ä—à–µ,–°—Ç–∏–∫–∞—é—Å—å –≤–ø–µ—Ä—à–µ,–°—Ç–∏–∫–∞—é—Å—å –≤–ø–µ—Ä—à–µ,"–°—Ç–∏–∫–∞—é—Å—å –≤–ø–µ—Ä—à–µ, –Ω–µ –ø—Ä–∞—Ü—é–≤–∞–≤ —ñ–∑ –∑–æ–±—Ä–∞–∂–µ–Ω–Ω—è–º–∏","–ú–æ–∂—É –ø—Ä–∞—Ü—é–≤–∞—Ç–∏ –∑ —Ç–µ–∫—Å—Ç–∞–º–∏ –Ω–∞ —Ä—ñ–≤–Ω—ñ –±–∞–∑–æ–≤–æ—ó –±—ñ–±–ª—ñ–æ—Ç–µ–∫–∏ (–≤—Ö–æ–¥–∂–µ–Ω–Ω—è, –≤–µ–ª–∏–∫—ñ/–º–∞–ª—ñ –ª—ñ—Ç–µ—Ä–∏, –ø—Ä–æ—Å—Ç—ñ –æ–ø–µ—Ä–∞—Ü—ñ—ó)",–ó–∞—Ü—ñ–∫–∞–≤–ª–µ–Ω–∏–π –±—ñ–ª—å—à–µ –¥—ñ–∑–Ω–∞—Ç–∏—Å—è –ø—Ä–æ DL —ñ –º–µ—Ç–æ–¥–∏ –π–æ–≥–æ —ñ–º–ø–ª–µ–º–µ–Ω—Ç–∞—Ü—ñ—ó –Ω–∞ –ø—ñ—Ç–æ–Ω—ñ,—Ç–∞–∫
2023-09-08 10:56:00.911,"–§–ë-01, –§–ë-02, –§–ë-03, –§–ë-04, –§–ë-05",–ü–∏—Å–∞–≤ –ª–∞–±–∫–∏ –Ω–∞ Python –Ω–∞ —ñ–Ω—à–∏—Ö –ø—Ä–µ–¥–º–µ—Ç–∞—Ö,"–í–º—ñ—é –ø–∏—Å–∞—Ç–∏ –∑—Ä—ñ–∑–∏ –ø–æ —Ç–∞–±–ª–∏—Ü—è–º, —ñ—Ç–µ—Ä—É–≤–∞—Ç–∏—Å—è –ø–æ –Ω–∏–º, –±—É–¥—É–≤–∞—Ç–∏ —Å—Ç–∞—Ç–∏—Å—Ç–∏–∫—É, –≥—Ä–∞—Ñ—ñ–∫–∏ —Ç–æ—â–æ",–°—Ç–∏–∫–∞—é—Å—å –≤–ø–µ—Ä—à–µ,–°—Ç–∏–∫–∞—é—Å—å –≤–ø–µ—Ä—à–µ,–°—Ç–∏–∫–∞—é—Å—å –≤–ø–µ—Ä—à–µ,–°—Ç–∏–∫–∞—é—Å—å –≤–ø–µ—Ä—à–µ,–°—Ç–∏–∫–∞—é—Å—å –≤–ø–µ—Ä—à–µ,–°—Ç–∏–∫–∞—é—Å—å –≤–ø–µ—Ä—à–µ,–°—Ç–∏–∫–∞—é—Å—å –≤–ø–µ—Ä—à–µ,–°—Ç–∏–∫–∞—é—Å—å –≤–ø–µ—Ä—à–µ,"–°—Ç–∏–∫–∞—é—Å—å –≤–ø–µ—Ä—à–µ, –Ω–µ –ø—Ä–∞—Ü—é–≤–∞–≤ —ñ–∑ –∑–æ–±—Ä–∞–∂–µ–Ω–Ω—è–º–∏","–°—Ç–∏–∫–∞—é—Å—å –≤–ø–µ—Ä—à–µ, –Ω–µ –ø—Ä–∞—Ü—é–≤–∞–≤ —ñ–∑ —Ç–µ–∫—Å—Ç–∞–º–∏","–¶—ñ–∫–∞–≤–∞ —Ç–µ–º–∞ –º–∞—à–∏–Ω–Ω–æ–≥–æ –Ω–∞–≤—á–∞–Ω–Ω—è. —è–∫ –ø–µ—Ä—Å–ø–µ–∫—Ç–∏–≤–Ω–∏–π –Ω–∞–ø—Ä—è–º–æ–∫, —Ö–æ—Ç—ñ–≤ –±–∏ –æ–ø–∞–Ω—É–≤–∞—Ç–∏ —Ä–µ–∞–ª—ñ–∑–æ–≤—É–≤–∞–Ω–Ω—è –∞–ª–≥–æ—Ä–∏—Ç–º—ñ–≤ –ø—ñ–¥ —Ä—ñ–∑–Ω—ñ –∑–∞–¥–∞—á—ñ, –∑ –∫–æ–Ω–∫—Ä–µ—Ç–Ω–æ–≥–æ - –ø–ª–∞–Ω—É—é –Ω–∞ –¥–∏–ø–ª–æ–º–Ω—É —Ä–æ–±–æ—Ç—É –ø–∏—Å–∞—Ç–∏ –∞–ª–≥–æ—Ä–∏—Ç–º –≤–∏–∑–Ω–∞—á–µ–Ω–Ω—è –∞–Ω–æ–º–∞–ª—ñ–π –ª–æ–≥—ñ–≤ SIEM —Å–∏—Å—Ç–µ–º –∑ –ø–æ–¥–∞–ª—å—à–æ—é —ó—Ö –∫–∞—Ç–µ–≥–æ—Ä–∏–∑–∞—Ü—ñ—î—é",–ø–æ–∫–∏ –Ω–µ –≤–ø–µ–≤–Ω–µ–Ω–∏–π
2023-09-08 13:09:41.118,"–§–ë-06, –§–ï-01",–ü–∏—Å–∞–≤ –ª–∞–±–∫–∏ –Ω–∞ Python –Ω–∞ —ñ–Ω—à–∏—Ö –ø—Ä–µ–¥–º–µ—Ç–∞—Ö,"–í–º—ñ—é –∑–∞–≤–∞–Ω—Ç–∞–∂—É–≤–∞—Ç–∏ –¥–∞–Ω—ñ —É pandas, –∫–æ—Ä–∏—Å—Ç—É–≤–∞—Ç–∏—Å—å –Ω–∏–º–∏ —è–∫ –∑–≤–∏—á–∞–π–Ω–∏–º –º–∞—Å–∏–≤–æ–º",–°—Ç–∏–∫–∞—é—Å—å –≤–ø–µ—Ä—à–µ,–ó–Ω–∞—é –ø–æ—Å—Ç–∞–Ω–æ–≤–∫—É –∑–∞–¥–∞—á—ñ —Ç–∞ –∫–æ—Ä–∏—Å—Ç—É—é—Å—å –∫–ª–∞—Å–∞–º–∏ —ñ–∑ sklearn,–ö–æ—Ä–∏—Å—Ç—É—é—Å—å –∫–ª–∞—Å–∞–º–∏ —ñ–∑ sklearn –Ω–∞ –±–∞–∑–æ–≤–∏—Ö –ø–∞—Ä–∞–º–µ—Ç—Ä–∞—Ö,–°—Ç–∏–∫–∞—é—Å—å –≤–ø–µ—Ä—à–µ,–ö–æ—Ä–∏—Å—Ç—É—é—Å—å –∫–ª–∞—Å–∞–º–∏ —ñ–∑ sklearn –Ω–∞ –±–∞–∑–æ–≤–∏—Ö –ø–∞—Ä–∞–º–µ—Ç—Ä–∞—Ö,–°—Ç–∏–∫–∞—é—Å—å –≤–ø–µ—Ä—à–µ,–°—Ç–∏–∫–∞—é—Å—å –≤–ø–µ—Ä—à–µ,"–ó–Ω–∞–π–æ–º–∏–π —ñ–∑ –¥–µ—è–∫–∏–º–∏ –º–µ—Ç—Ä–∏–∫–∞–º–∏ (–Ω–∞–ø—Ä–∏–∫–ª–∞–¥, Accuracy –¥–ª—è –∫–ª–∞—Å–∏—Ñ—ñ–∫–∞—Ü—ñ—ó —ñ MSE –¥–ª—è –∑–∞–¥–∞—á —Ä–µ–≥—Ä–µ—Å—ñ—ó)","–°—Ç–∏–∫–∞—é—Å—å –≤–ø–µ—Ä—à–µ, –Ω–µ –ø—Ä–∞—Ü—é–≤–∞–≤ —ñ–∑ –∑–æ–±—Ä–∞–∂–µ–Ω–Ω—è–º–∏","–ú–æ–∂—É –ø—Ä–∞—Ü—é–≤–∞—Ç–∏ –∑ —Ç–µ–∫—Å—Ç–∞–º–∏ –Ω–∞ —Ä—ñ–≤–Ω—ñ –±–∞–∑–æ–≤–æ—ó –±—ñ–±–ª—ñ–æ—Ç–µ–∫–∏ (–≤—Ö–æ–¥–∂–µ–Ω–Ω—è, –≤–µ–ª–∏–∫—ñ/–º–∞–ª—ñ –ª—ñ—Ç–µ—Ä–∏, –ø—Ä–æ—Å—Ç—ñ –æ–ø–µ—Ä–∞—Ü—ñ—ó)","–í–≤–∞–∂–∞—é —â–æ machine learning —î –¥—É–∂–µ –∞–∫—Ç—É–∞–ª—å–Ω–æ—é —Ç–µ–º–æ—é, –∞–ª–µ –≤–æ–¥–Ω–æ—á–∞—Å –¥—É–∂–µ —Å–∫–ª–∞–¥–Ω–æ—é, –ø–æ—Ç—Ä–µ–±—É—î –±–∞–≥–∞—Ç–æ —Ç–µ—Ä–ø—ñ–Ω–Ω—è —Ç–∞ –Ω–∞–≤–∏—á–æ–∫ –ø—Ä–æ–≥—Ä–∞–º—É–≤–∞–Ω–Ω—è —ñ —Ä–æ–∑—É–º—ñ–Ω–Ω—è –∞–ª–≥–æ—Ä–∏—Ç–º—ñ–≤, –º–∞—Ç–µ–º–∞—Ç–∏–∫–∏.",–ø–æ–∫–∏ –Ω–µ –≤–ø–µ–≤–Ω–µ–Ω–∏–π
2023-09-08 13:15:54.202,"–§–ë-06, –§–ï-01","–í–º—ñ—é –Ω–∞–ª–∞—à—Ç–æ–≤—É–≤–∞—Ç–∏ –æ—Ç–æ—á–µ–Ω–Ω—è, –∫–æ—Ä–∏—Å—Ç—É–≤–∞–≤—Å—è jupyter notebook","–í–º—ñ—é –∑–∞–≤–∞–Ω—Ç–∞–∂—É–≤–∞—Ç–∏ –¥–∞–Ω—ñ —É pandas, –∫–æ—Ä–∏—Å—Ç—É–≤–∞—Ç–∏—Å—å –Ω–∏–º–∏ —è–∫ –∑–≤–∏—á–∞–π–Ω–∏–º –º–∞—Å–∏–≤–æ–º","–ö–æ—Ä–∏—Å—Ç—É—é—Å—å –ø–ª–∞—Ç—Ñ–æ—Ä–º–æ—é, –ø–∏—Å–∞–≤ —Ç–∞–º –∫–æ–¥",–ó–Ω–∞—é –ø–æ—Å—Ç–∞–Ω–æ–≤–∫—É –∑–∞–¥–∞—á—ñ —Ç–∞ –∫–æ—Ä–∏—Å—Ç—É—é—Å—å –∫–ª–∞—Å–∞–º–∏ —ñ–∑ sklearn,–ö–æ—Ä–∏—Å—Ç—É—é—Å—å –∫–ª–∞—Å–∞–º–∏ —ñ–∑ sklearn –Ω–∞ –±–∞–∑–æ–≤–∏—Ö –ø–∞—Ä–∞–º–µ—Ç—Ä–∞—Ö,–°—Ç–∏–∫–∞—é—Å—å –≤–ø–µ—Ä—à–µ,–ö–æ—Ä–∏—Å—Ç—É—é—Å—å –∫–ª–∞—Å–∞–º–∏ —ñ–∑ sklearn –Ω–∞ –±–∞–∑–æ–≤–∏—Ö –ø–∞—Ä–∞–º–µ—Ç—Ä–∞—Ö,–°—Ç–∏–∫–∞—é—Å—å –≤–ø–µ—Ä—à–µ,–°—Ç–∏–∫–∞—é—Å—å –≤–ø–µ—Ä—à–µ,–°—Ç–∏–∫–∞—é—Å—å –≤–ø–µ—Ä—à–µ,"–°—Ç–∏–∫–∞—é—Å—å –≤–ø–µ—Ä—à–µ, –Ω–µ –ø—Ä–∞—Ü—é–≤–∞–≤ —ñ–∑ –∑–æ–±—Ä–∞–∂–µ–Ω–Ω—è–º–∏","–°—Ç–∏–∫–∞—é—Å—å –≤–ø–µ—Ä—à–µ, –Ω–µ –ø—Ä–∞—Ü—é–≤–∞–≤ —ñ–∑ —Ç–µ–∫—Å—Ç–∞–º–∏","–û–∑–Ω–∞–π–æ–º–ª–µ–Ω–Ω—è –∑ –æ—Å–Ω–æ–≤–Ω–∏–º–∏ –Ω–∞–ø—Ä—è–º–∫–∞–º–∏ ML, –∫–ª–∞—Å–∏—á–Ω–∏–º–∏ –∞–ª–≥–æ—Ä–∏—Ç–º–∞–º–∏ —Ä–µ–≥—Ä–µ—Å—ñ—ó, –∫–ª–∞—Å—Ç–µ—Ä–∏–∑–∞—Ü—ñ—ó —Ç–∞ —ñ–Ω., –æ–∑–Ω–∞–π–æ–º–ª–µ–Ω–Ω—è –∑ —ñ–Ω—à–∏–º–∏ —Ç–µ—Ö–Ω–æ–ª–æ–≥—ñ—è–º–∏ (–Ω–∞–ø—Ä–∏–∫–ª–∞–¥, OpenCV)",–ø–æ–∫–∏ –Ω–µ –≤–ø–µ–≤–Ω–µ–Ω–∏–π
2023-09-11 16:42:55.717,"–§–Ü-01, –§–Ü-02",–ü–∏—Å–∞–≤ –ª–∞–±–∫–∏ –Ω–∞ Python –Ω–∞ —ñ–Ω—à–∏—Ö –ø—Ä–µ–¥–º–µ—Ç–∞—Ö,"–í–º—ñ—é –∑–∞–≤–∞–Ω—Ç–∞–∂—É–≤–∞—Ç–∏ –¥–∞–Ω—ñ —É pandas, –∫–æ—Ä–∏—Å—Ç—É–≤–∞—Ç–∏—Å—å –Ω–∏–º–∏ —è–∫ –∑–≤–∏—á–∞–π–Ω–∏–º –º–∞—Å–∏–≤–æ–º","–ö–æ—Ä–∏—Å—Ç—É—é—Å—å –ø–ª–∞—Ç—Ñ–æ—Ä–º–æ—é, –ø–∏—Å–∞–≤ —Ç–∞–º –∫–æ–¥",–°—Ç–∏–∫–∞—é—Å—å –≤–ø–µ—Ä—à–µ,–°—Ç–∏–∫–∞—é—Å—å –≤–ø–µ—Ä—à–µ,–°—Ç–∏–∫–∞—é—Å—å –≤–ø–µ—Ä—à–µ,–°—Ç–∏–∫–∞—é—Å—å –≤–ø–µ—Ä—à–µ,–°—Ç–∏–∫–∞—é—Å—å –≤–ø–µ—Ä—à–µ,–°—Ç–∏–∫–∞—é—Å—å –≤–ø–µ—Ä—à–µ,"–ó–Ω–∞–π–æ–º–∏–π —ñ–∑ –¥–µ—è–∫–∏–º–∏ –º–µ—Ç—Ä–∏–∫–∞–º–∏ (–Ω–∞–ø—Ä–∏–∫–ª–∞–¥, Accuracy –¥–ª—è –∫–ª–∞—Å–∏—Ñ—ñ–∫–∞—Ü—ñ—ó —ñ MSE –¥–ª—è –∑–∞–¥–∞—á —Ä–µ–≥—Ä–µ—Å—ñ—ó)","–°—Ç–∏–∫–∞—é—Å—å –≤–ø–µ—Ä—à–µ, –Ω–µ –ø—Ä–∞—Ü—é–≤–∞–≤ —ñ–∑ –∑–æ–±—Ä–∞–∂–µ–Ω–Ω—è–º–∏","–ú–æ–∂—É –ø—Ä–∞—Ü—é–≤–∞—Ç–∏ –∑ —Ç–µ–∫—Å—Ç–∞–º–∏ –Ω–∞ —Ä—ñ–≤–Ω—ñ –±–∞–∑–æ–≤–æ—ó –±—ñ–±–ª—ñ–æ—Ç–µ–∫–∏ (–≤—Ö–æ–¥–∂–µ–Ω–Ω—è, –≤–µ–ª–∏–∫—ñ/–º–∞–ª—ñ –ª—ñ—Ç–µ—Ä–∏, –ø—Ä–æ—Å—Ç—ñ –æ–ø–µ—Ä–∞—Ü—ñ—ó)",–î—ñ–∑–Ω–∞—Ç–∏—Å—è –±—ñ–ª—å—à–µ –ø—Ä–æ –º–∞—à–∏–Ω–Ω–µ –Ω–∞–≤—á–∞–Ω–Ω—è —ñ –π–æ–≥–æ –º–µ—Ç–æ–¥–∏.,–ø–æ–∫–∏ –Ω–µ –≤–ø–µ–≤–Ω–µ–Ω–∏–π
2023-09-11 22:42:55.989,"–§–Ü-01, –§–Ü-02","–í–º—ñ—é –Ω–∞–ª–∞—à—Ç–æ–≤—É–≤–∞—Ç–∏ –æ—Ç–æ—á–µ–Ω–Ω—è, –∫–æ—Ä–∏—Å—Ç—É–≤–∞–≤—Å—è jupyter notebook","–í–º—ñ—é –ø–∏—Å–∞—Ç–∏ –∑—Ä—ñ–∑–∏ –ø–æ —Ç–∞–±–ª–∏—Ü—è–º, —ñ—Ç–µ—Ä—É–≤–∞—Ç–∏—Å—è –ø–æ –Ω–∏–º, –±—É–¥—É–≤–∞—Ç–∏ —Å—Ç–∞—Ç–∏—Å—Ç–∏–∫—É, –≥—Ä–∞—Ñ—ñ–∫–∏ —Ç–æ—â–æ","–ö–æ—Ä–∏—Å—Ç—É—é—Å—å –ø–ª–∞—Ç—Ñ–æ—Ä–º–æ—é, –ø–∏—Å–∞–≤ —Ç–∞–º –∫–æ–¥",–ó–Ω–∞—é –ø–æ—Å—Ç–∞–Ω–æ–≤–∫—É –∑–∞–¥–∞—á—ñ —Ç–∞ –∫–æ—Ä–∏—Å—Ç—É—é—Å—å –∫–ª–∞—Å–∞–º–∏ —ñ–∑ sklearn,–ö–æ—Ä–∏—Å—Ç—É—é—Å—å –∫–ª–∞—Å–∞–º–∏ —ñ–∑ sklearn –Ω–∞ –±–∞–∑–æ–≤–∏—Ö –ø–∞—Ä–∞–º–µ—Ç—Ä–∞—Ö,–ö–æ—Ä–∏—Å—Ç—É—é—Å—å –∫–ª–∞—Å–∞–º–∏ —ñ–∑ sklearn –Ω–∞ –±–∞–∑–æ–≤–∏—Ö –ø–∞—Ä–∞–º–µ—Ç—Ä–∞—Ö,–ö–æ—Ä–∏—Å—Ç—É—é—Å—å –∫–ª–∞—Å–∞–º–∏ —ñ–∑ sklearn –Ω–∞ –±–∞–∑–æ–≤–∏—Ö –ø–∞—Ä–∞–º–µ—Ç—Ä–∞—Ö,–°—Ç–∏–∫–∞—é—Å—å –≤–ø–µ—Ä—à–µ,–°—Ç–∏–∫–∞—é—Å—å –≤–ø–µ—Ä—à–µ,–°—Ç–∏–∫–∞—é—Å—å –≤–ø–µ—Ä—à–µ,"–°—Ç–∏–∫–∞—é—Å—å –≤–ø–µ—Ä—à–µ, –Ω–µ –ø—Ä–∞—Ü—é–≤–∞–≤ —ñ–∑ –∑–æ–±—Ä–∞–∂–µ–Ω–Ω—è–º–∏","–°—Ç–∏–∫–∞—é—Å—å –≤–ø–µ—Ä—à–µ, –Ω–µ –ø—Ä–∞—Ü—é–≤–∞–≤ —ñ–∑ —Ç–µ–∫—Å—Ç–∞–º–∏","–Ø —Ö–æ—Ç—ñ–≤ –±–∏, —è–∫—â–æ –∑–≤—ñ—Å–Ω–æ –≤–∏–π–¥–µ, –∑—Ä–æ–±–∏—Ç–∏ –ø—Ä–æ–≥—Ä–∞–º—É, —â–æ –º–æ–≥–ª–∞ –± —Ä–æ–∑–ø—ñ–∑–Ω–∞–≤–∞—Ç–∏ –≤–∏–∫–æ—Ä–∏—Å—Ç–∞–Ω—ñ –º—É–∑–∏—á–Ω—ñ —Ç–µ—Ö–Ω—ñ–∫–∏ —É –∫–æ–º–ø–æ–∑–∏—Ü—ñ—è—Ö. –ó–Ω–∞—é –æ–¥–Ω–µ, —â–æ –¥–ª—è —Ü—å–æ–≥–æ –º–µ–Ω—ñ –¥—É–∂–µ –ø–æ—Ç—Ä—ñ–±–Ω–æ –±—É–¥–µ –≤ –Ω–∞–π–∫–æ—Ä–æ—Ç—à—ñ —Ç–µ—Ä–º—ñ–Ω–∏ —Ä–æ–∑—ñ–±—Ä–∞—Ç–∏—Å—å —ñ–∑ NLP.",—Ç–∞–∫
2023-09-12 02:36:48.208,"–§–ë-01, –§–ë-02, –§–ë-03, –§–ë-04, –§–ë-05",–ü–∏—Å–∞–≤ –ª–∞–±–∫–∏ –Ω–∞ Python –Ω–∞ —ñ–Ω—à–∏—Ö –ø—Ä–µ–¥–º–µ—Ç–∞—Ö,"–í–º—ñ—é –∑–∞–≤–∞–Ω—Ç–∞–∂—É–≤–∞—Ç–∏ –¥–∞–Ω—ñ —É pandas, –∫–æ—Ä–∏—Å—Ç—É–≤–∞—Ç–∏—Å—å –Ω–∏–º–∏ —è–∫ –∑–≤–∏—á–∞–π–Ω–∏–º –º–∞—Å–∏–≤–æ–º","–ö–æ—Ä–∏—Å—Ç—É—é—Å—å –ø–ª–∞—Ç—Ñ–æ—Ä–º–æ—é, –ø–∏—Å–∞–≤ —Ç–∞–º –∫–æ–¥",–°—Ç–∏–∫–∞—é—Å—å –≤–ø–µ—Ä—à–µ,–°—Ç–∏–∫–∞—é—Å—å –≤–ø–µ—Ä—à–µ,–°—Ç–∏–∫–∞—é—Å—å –≤–ø–µ—Ä—à–µ,–°—Ç–∏–∫–∞—é—Å—å –≤–ø–µ—Ä—à–µ,–°—Ç–∏–∫–∞—é—Å—å –≤–ø–µ—Ä—à–µ,–°—Ç–∏–∫–∞—é—Å—å –≤–ø–µ—Ä—à–µ,–°—Ç–∏–∫–∞—é—Å—å –≤–ø–µ—Ä—à–µ,"–°—Ç–∏–∫–∞—é—Å—å –≤–ø–µ—Ä—à–µ, –Ω–µ –ø—Ä–∞—Ü—é–≤–∞–≤ —ñ–∑ –∑–æ–±—Ä–∞–∂–µ–Ω–Ω—è–º–∏","–ú–æ–∂—É –ø—Ä–∞—Ü—é–≤–∞—Ç–∏ –∑ —Ç–µ–∫—Å—Ç–∞–º–∏ –Ω–∞ —Ä—ñ–≤–Ω—ñ –±–∞–∑–æ–≤–æ—ó –±—ñ–±–ª—ñ–æ—Ç–µ–∫–∏ (–≤—Ö–æ–¥–∂–µ–Ω–Ω—è, –≤–µ–ª–∏–∫—ñ/–º–∞–ª—ñ –ª—ñ—Ç–µ—Ä–∏, –ø—Ä–æ—Å—Ç—ñ –æ–ø–µ—Ä–∞—Ü—ñ—ó)",–ü–æ–∫—Ä–∞—â–∏—Ç–∏ –∑–Ω–∞–Ω–Ω—è,–ø–æ–∫–∏ –Ω–µ –≤–ø–µ–≤–Ω–µ–Ω–∏–π
2023-09-12 10:54:07.623,"–§–ë-01, –§–ë-02, –§–ë-03, –§–ë-04, –§–ë-05",–ü–∏—Å–∞–≤ –ª–∞–±–∫–∏ –Ω–∞ Python –Ω–∞ —ñ–Ω—à–∏—Ö –ø—Ä–µ–¥–º–µ—Ç–∞—Ö,"–í–º—ñ—é –ø–∏—Å–∞—Ç–∏ –∑—Ä—ñ–∑–∏ –ø–æ —Ç–∞–±–ª–∏—Ü—è–º, —ñ—Ç–µ—Ä—É–≤–∞—Ç–∏—Å—è –ø–æ –Ω–∏–º, –±—É–¥—É–≤–∞—Ç–∏ —Å—Ç–∞—Ç–∏—Å—Ç–∏–∫—É, –≥—Ä–∞—Ñ—ñ–∫–∏ —Ç–æ—â–æ","–ö–æ—Ä–∏—Å—Ç—É—é—Å—å –ø–ª–∞—Ç—Ñ–æ—Ä–º–æ—é, –ø–∏—Å–∞–≤ —Ç–∞–º –∫–æ–¥",–ó–Ω–∞—é –ø–æ—Å—Ç–∞–Ω–æ–≤–∫—É –∑–∞–¥–∞—á—ñ —Ç–∞ –∫–æ—Ä–∏—Å—Ç—É—é—Å—å –∫–ª–∞—Å–∞–º–∏ —ñ–∑ sklearn,–ö–æ—Ä–∏—Å—Ç—É—é—Å—å –∫–ª–∞—Å–∞–º–∏ —ñ–∑ sklearn –Ω–∞ –±–∞–∑–æ–≤–∏—Ö –ø–∞—Ä–∞–º–µ—Ç—Ä–∞—Ö,–ö–æ—Ä–∏—Å—Ç—É—é—Å—å –∫–ª–∞—Å–∞–º–∏ —ñ–∑ sklearn –Ω–∞ –±–∞–∑–æ–≤–∏—Ö –ø–∞—Ä–∞–º–µ—Ç—Ä–∞—Ö,–ö–æ—Ä–∏—Å—Ç—É—é—Å—å –∫–ª–∞—Å–∞–º–∏ —ñ–∑ sklearn –Ω–∞ –±–∞–∑–æ–≤–∏—Ö –ø–∞—Ä–∞–º–µ—Ç—Ä–∞—Ö,–ö–æ—Ä–∏—Å—Ç—É—é—Å—å –∫–ª–∞—Å–∞–º–∏ —ñ–∑ sklearn/xgboost/lightgbm –Ω–∞ –±–∞–∑–æ–≤–∏—Ö –ø–∞—Ä–∞–º–µ—Ç—Ä–∞—Ö,"–ó–Ω–∞–π–æ–º–∏–π —ñ–∑ –ø–µ—Ä—Ü–µ–ø—Ç—Ä–æ–Ω–æ–º, –º–æ–∂—É –∫–æ—Ä–∏—Å—Ç—É–≤–∞—Ç–∏—Å—å MLP —ñ–∑ sklearn","–ó–Ω–∞–π–æ–º–∏–π —ñ–∑ –¥–µ—è–∫–∏–º–∏ –º–µ—Ç—Ä–∏–∫–∞–º–∏ (–Ω–∞–ø—Ä–∏–∫–ª–∞–¥, Accuracy –¥–ª—è –∫–ª–∞—Å–∏—Ñ—ñ–∫–∞—Ü—ñ—ó —ñ MSE –¥–ª—è –∑–∞–¥–∞—á —Ä–µ–≥—Ä–µ—Å—ñ—ó)","–°—Ç–∏–∫–∞—é—Å—å –≤–ø–µ—Ä—à–µ, –Ω–µ –ø—Ä–∞—Ü—é–≤–∞–≤ —ñ–∑ –∑–æ–±—Ä–∞–∂–µ–Ω–Ω—è–º–∏","–°—Ç–∏–∫–∞—é—Å—å –≤–ø–µ—Ä—à–µ, –Ω–µ –ø—Ä–∞—Ü—é–≤–∞–≤ —ñ–∑ —Ç–µ–∫—Å—Ç–∞–º–∏","–ù–µ–π—Ä–æ–Ω–Ω—ñ –º–µ—Ä–µ–∂—ñ, –∫–æ–º–ø‚Äô—é—Ç–µ—Ä–Ω–∏–π –∑—ñ—Ä",—Ç–∞–∫
